220.43,546.13
170.68,122.88
26,245.76
5.85,143.36
10.4,98.3
5.85,148.82
13.87,65.53
35.11,188.41
680.78,335.87
17.56,234.84
24.27,75.09
36.4,202.07
79.73,197.97
200.92,252.58
28.8,155.65
15.61,155.65
41.6,244.39
3.47,103.76
170.68,122.88
19.07,258.05
56.57,181.59
26,71
52.67,178.86
12.13,185.68
26,177.49
189.21,253.95
58.52,188.42
193.12,274.43
29.47,176.13
118.99,311.29
110.93,200.7
17.33,207.53
15.61,180.22
27.73,294.91
27.73,249.85
116.13,397.31
45.07,259.41
542.53,638.97
15.6,167.93
146.3,192.51
31.2,192.51
19.07,181.59
17.33,165.2
19.07,139.26
19.07,118.78
29.47,229.37
52.67,182.95
130,210.26
31.2,286.72
57.2,238.93
130,212.99
27.73,124.24
13.65,180.22
1.95,122.88
15.61,141.99
10.4,163.84
130,353.62
146.3,327.68
35.11,151.55
117.04,110.59
9.75,158.38
10.4,161.11
31.2,234.83
44.87,368.64
37.06,159.74
493.52,688.13
109.2,219.82
27,124.24
350.13,808.28
27.31,125.61
122.89,375.46
32.93,207.53
103.39,339.97
76.08,311.29
109.2,187.05
9.75,117.42
27.73,174.76
243.83,585.73
22.53,125.61
5.85,163.84
7.8,135.17
22.53,152.92
120.94,88.74
39.01,342.01
149.07,259.41
6.93,98.3
22.53,163.84
10.4,16.38
1.95,155.65
26,180.22
26,53.25
13.65,200.7
20.8,152.92
19.51,203.43
19.07,191.14
45.07,270.33
32.93,271.7
146.3,200.7
13.65,172.03
13.87,191.14
33.16,163.84
273.09,480.6
32.93,180.22
3.47,86.01
36.4,217.09
26,92.84
10.4,120.15
162.93,245.76
15.61,143.36
19.07,122.88
55.47,573.44
29.47,253.95
224.33,443.73
13.65,155.65
5.85,35.5
1572.24,745.47
48.53,266.24
26,131.07
19.51,141.99
27.73,152.92
5.2,143.36
21.46,207.53
152.53,200.7
36.4,191.15
135.2,192.51
31.2,266.24
113.14,368.64
26,102.4
26,81.92
19.07,204.8
19.07,338.6
240.93,387.75
78.03,331.77
22.53,196.61
56.57,167.93
19.07,152.92
26,252.58
22.53,132.44
69.33,333.14
115.09,353.62
117.87,311.29
15.6,152.92
26,69.63
177.51,491.52
78,675.84
117.04,446.46
26,212.99
142.13,253.95
225.33,409.6
31.2,133.8
31.2,163.84
29.47,188.41
56.57,325.63
32.93,275.8
17.56,203.43
29.47,360.45
20.8,166.57
25.36,151.55
13.87,49.15
26,80.55
15.6,57.34
13.65,150.18
21.46,174.76
20.8,215.72
5.85,136.53
146.3,266.24
17.56,155.65
87.78,344.06
13.87,163.84
85.83,385.02
674.93,338.6
29.47,208.89
52,154.28
195.07,300.37
170.68,122.88
9.75,143.36
22.53,137.9
10.4,118.78
17.33,90.11
15.61,163.84
15.6,139.26
27.73,180.22
9.75,135.17
15.61,212.99
21.46,144.72
26,212.99
142.13,292.18
29.47,210.26
26,158.38
19.07,124.24
26,144.72
175.56,297.64
34.67,240.3
56.57,192.51
1.73,16.38
32,124.45
282.53,830.12
27.73,232.1
130,395.94
22.53,200.7
26,125.61
26,73.73
150.2,348.16
26,234.83
52,196.61
138.5,398.67
22.53,274.43
5.2,180.22
175.56,404.14
46.8,207.53
3.9,136.53
19.07,141.99
19.8,158.38
6.93,81.92
31.2,177.49
130,363.18
24.27,165.2
5.2,46.42
19.07,94.21
122.89,466.94
179.74,573.44
10.4,38.23
220.43,419.84
130.69,326.31
7.8,140.63
118.99,379.56
175.56,518.83
7.8,109.23
146.3,266.24
38.13,236.2
93.63,390.48
10.4,207.53
170.68,122.88
29.26,21.85
185.31,335.87
34.67,266.24
32.93,266.24
22.53,129.71
13.87,118.78
140.45,479.23
130,320.85
19.07,139.26
7.8,139.26
36.4,191.15
146.3,266.24
26,58.71
15.6,150.19
10.4,92.84
34.67,258.05
5.2,68.26
28.8,154.28
60.47,187.05
39.87,278.53
12.13,144.72
114.4,225.28
253.07,906.58
5.85,92.84
25.36,191.14
170.68,122.88
56.57,152.92
19.07,131.07
142.13,348.16
10.4,103.76
17.33,219.82
55.47,277.16
10.4,71
17.56,151.55
135.2,204.8
686.63,412.33
10.4,191.15
17.56,204.8
246.13,546.13
204.82,339.97
10.4,185.68
60.47,308.56
26,234.84
175.56,327.68
223.6,431.44
109.2,166.57
28.8,177.49
29.26,8.19
19.07,151.55
5.85,148.82
170.68,122.88
66.32,218.45
12.13,207.53
25.36,292.86
34.67,212.99
15.6,169.3
26,71
26,79.19
5.2,136.53
81.47,425.98
79.98,438.27
17.33,169.3
57.2,286.72
27.73,185.68
223.6,1239.72
26,38.23
56.57,173.4
26,151.55
156,4046.85
19.51,196.6
31.2,292.18
170.68,122.88
5.2,103.76
64.13,273.07
19.51,133.8
19.51,135.17
117.04,105.13
13.87,442.37
26,223.91
29.47,199.34
41.6,221.18
31.2,193.88
17.56,161.11
246.13,693.59
243.83,451.92
26,196.61
698.34,344.06
33.16,158.38
131.86,362.79
117.04,120.15
13.87,111.96
39.87,181.59
1.73,79.19
17.56,172.03
17.33,196.61
39.87,232.1
28.8,181.59
104,649.9
10.4,139.26
122.89,91.48
17.56,204.8
260,638.97
183.36,404.14
9.75,141.99
58.93,262.14
13.87,163.84
65.87,360.45
3.47,77.82
48.53,163.84
36.4,196.61
179.46,319.49
31.2,124.24
26,234.83
36.4,278.53
31.2,98.3
146.3,107.86
27.73,232.1
8.67,135.17
13.65,159.74
19.07,180.22
146.3,266.24
52,338.6
8.67,62.8
27.73,197.97
289.47,704.51
17.56,182.95
29.47,174.76
234,835.58
52.67,360.45
24.27,204.8
10.4,120.15
13.87,157.01
24.27,174.76
58.52,333.14
53.73,307.2
39.87,247.12
31.2,234.84
15.61,150.19
34.67,323.58
56.57,170.66
26,61.44
24.27,91.48
146.3,266.24
52.67,362.49
31.2,147.46
32.93,114.69
23.41,217.09
13.87,102.4
20.8,303.1
31.21,176.13
53.73,305.83
26,64.17
7.8,77.82
39.87,319.49
27.73,234.83
447.2,1338.02
5.85,141.99
5.85,125.61
32.93,354.99
13.65,192.51
17.33,136.53
36.4,212.99
97.53,375.47
35.11,157.01
130,311.29
245.78,365.91
5.85,65.53
35.11,204.8
26,229.38
17.33,90.11
9.75,118.78
5.2,73.73
12.13,159.74
130.69,118.78
19.07,184.32
48.77,174.76
6.93,68.26
1.73,131.07
329.66,536.57
147.33,290.81
34.67,212.99
19.07,167.93
109.2,251.22
17.56,185.68
130,376.83
53.73,270.33
29.47,188.41
17.56,323.58
118.99,457.38
31.21,196.61
36.4,158.38
138.5,939.35
117.04,96.94
237.47,966.65
54.62,195.24
31.2,178.86
5.85,172.03
56.57,135.17
19.51,155.65
170.68,122.88
26,169.3
130,415.06
43.33,233.47
10.4,118.78
19.51,141.99
109.2,184.32
7.8,229.37
99.48,329.04
10.4,101.03
19.51,192.51
12.13,117.42
175.56,425.98
19.07,107.86
146.3,173.4
5.2,62.8
10.4,49.15
19.51,181.59
5.2,16.38
25.36,260.78
144.35,114.69
31.2,202.07
249.69,633.51
33.16,181.59
17.33,120.15
79.73,649.9
12.13,155.65
21.46,182.95
52,191.15
98.8,184.32
104,1004.88
13.65,192.51
197.02,578.9
62.42,197.97
58.93,252.58
55.47,327.68
105.73,189.78
36.4,230.74
31.2,270.33
17.33,81.92
22.53,161.11
120.94,101.03
208,857.43
26,86.01
32.93,163.84
13.65,185.68
27.31,208.89
36.4,193.87
138.67,217.09
39.87,114.69
24.27,174.76
6.93,46.42
12.13,275.8
15.61,204.8
26,212.99
109.2,890.2
7.8,136.53
10.4,71
58.52,210.26
54.62,191.15
6.93,79.19
50.27,349.52
122.89,110.59
39.87,249.85
15.61,181.59
138.5,404.14
27.73,212.99
214.57,502.44
24.27,140.63
29.47,173.4
31.21,141.99
37.06,159.74
31.2,162.47
26,193.88
117.04,96.94
27.73,212.99
135.2,237.57
20.8,132.44
5.85,151.55
32.93,275.8
58.52,172.03
27.73,251.22
41.6,260.78
36.4,131.07
24.27,131.07
29.47,159.74
101.43,359.08
19.07,151.55
29.47,233.47
19.07,129.71
97.53,294.91
10.4,240.3
181.41,248.49
56.57,131.07
48.53,263.51
140.4,218.45
17.33,98.3
3.47,111.96
13.87,122.88
29.26,2.73
97.53,410.96
10.4,81.92
223.6,1807.7
72.17,335.87
142.4,159.74
103.39,323.58
26,262.14
674.93,406.87
117.04,103.76
19.07,79.19
29.26,233.47
35.11,391.17
26,223.91
237.47,737.28
12.13,140.63
170.68,122.88
39.87,259.41
31.2,244.39
27.73,150.19
19.07,303.1
58.52,139.26
23.41,118.78
27,221.18
204.82,300.37
10.4,103.76
10654.54,4631.21
31.2,188.41
34.67,223.91
29.26,167.94
10.4,103.76
118.99,297.64
31.2,221.18
19.51,182.95
52,249.85
3.9,87.38
20.8,165.2
10.4,155.65
20.8,129.71
26,196.61
146.3,266.24
197.02,496.98
3.47,10.92
31.2,180.22
20.8,141.99
123.07,449.19
117.04,96.94
27.73,204.8
32.93,262.14
97.53,324.95
3.47,131.07
22.53,152.92
83.88,368.64
13.87,229.37
146.3,266.24
204.53,557.05
22.53,122.88
3.9,275.8
24.27,172.03
19.07,151.55
5.85,133.8
17.33,169.3
44.87,165.2
31.2,218.45
22.53,118.78
107.47,256.68
17.56,204.8
170.68,122.88
136.55,528.38
11.7,143.36
54.62,151.55
1.95,73.73
135.2,221.18
52,316.76
52,436.91
66.32,490.15
175.56,270.33
26,150.19
182,589.82
56.57,177.49
99.48,385.02
20.8,148.82
31.2,249.85
48.53,245.76
117.04,110.59
39.87,180.22
115.09,329.04
690.54,368.64
241.88,529.75
27.73,234.83
26,90.11
19.07,137.9
10.4,174.76
89.73,405.5
680.78,327.68
173.61,365.91
31.2,101.03
131.73,247.12
56.57,293.55
52,173.4
144.35,148.82
130,372.73
26,184.32
118.99,555.69
130,372.73
10.4,141.99
15.61,169.3
65.87,232.1
119.6,350.89
5.85,110.59
116.13,367.27
54.62,150.19
10.4,76.46
31.2,211.63
26,65.53
29.26,38.23
26,162.47
235.73,449.19
8.67,32.77
31.2,199.34
31.2,161.11
237.98,353.62
202.87,263.51
38.13,270.33
3.47,180.22
46.8,458.75
17.33,143.36
161.2,255.32
34.67,226.64
140.45,118.78
45.07,243.03
19.51,176.13
731.5,273.07
284.8,469.67
15.6,113.32
9.75,110.59
10.4,16.38
146.3,128.34
140.4,447.83
25.2,135.17
19.07,155.65
27.73,262.14
22.53,542.04
25.36,139.26
146.3,266.24
298.45,516.09
3.47,54.61
103.39,324.95
10.4,40.96
28.8,151.55
19.07,208.89
24.27,245.76
224.33,633.51
13.87,117.42
27.73,225.28
177.51,303.1
13.87,176.13
48.77,150.19
13.65,176.13
156,486.06
26,232.11
31.2,191.14
19.07,147.45
17.33,143.36
20.8,193.88
19.07,163.84
5.2,21.84
27.73,240.3
29.47,170.67
60.47,163.84
5.85,116.05
145.6,245.76
31.2,229.37
29.47,177.49
19.51,202.07
8.67,118.78
20.8,150.18
5.2,90.11
19.07,189.78
22.53,136.53
32.93,244.39
445.47,933.89
19.07,196.6
17.56,177.49
19.51,114.69
29.26,16.38
37.06,84.65
12.13,157.01
25.2,218.45
107.47,999.42
12.13,139.26
9.75,131.07
19.07,146.09
189.21,584.36
27.73,200.7
44.87,354.3
15.6,148.82
15.61,165.2
9.75,76.46
31.2,248.49
22.53,133.8
145.6,234.83
20.8,10.92
48.53,263.51
144.35,393.21
5.2,16.38
27.73,223.91
221.87,704.51
97.53,326.31
97.53,395.95
22.53,126.97
19.07,188.41
29.47,155.65
6.93,16.38
170.68,122.88
26,158.38
31.2,165.2
6.93,49.15
31.2,181.59
17.56,185.68
7.8,173.4
24.27,150.19
3.47,141.99
9.75,150.19
36.4,191.15
17.56,158.38
26,72.36
3.9,79.19
91.68,417.79
17.33,217.09
36.4,136.53
29.47,147.45
53.73,68.26
6.93,125.61
38.13,191.15
38.13,270.33
31.2,225.28
13.65,132.44
20.8,90.11
119.6,215.72
31.2,223.91
58.52,131.07
19.07,110.59
31.2,155.65
12.13,178.86
29.26,2.73
159.47,233.47
26,71
5.2,103.76
9.75,135.17
31.2,122.88
31.2,285.35
27.73,133.8
29.47,192.51
10.4,32.77
665.18,374.1
6.93,136.53
34.67,225.28
3.9,144.72
36.4,136.53
17.56,176.13
3.47,62.8
99.48,434.17
111.19,397.31
700.29,324.95
26,91.48
120.94,359.08
43.33,273.07
101.43,361.81
50.27,166.57
78.03,337.23
26,221.18
142.13,245.76
36.4,133.8
31.2,166.57
97.53,360.45
5.2,79.19
95.58,393.21
62.42,335.87
267.24,513.36
197.02,311.29
206.77,339.97
19.07,83.28
191.17,286.72
22.53,151.55
9.75,120.15
9.75,144.72
3.9,124.24
45.07,248.49
101.43,380.93
29.47,143.36
13.87,155.65
31.2,180.22
29.47,158.38
78.03,331.77
26,75.09
146.3,105.13
130,294.91
27.73,245.76
38.13,233.47
68.27,782.33
27.73,253.95
20.8,180.22
117.04,96.94
22.53,185.68
234,628.05
9.75,141.99
19.07,75.09
19.07,158.38
72.17,750.93
10.4,32.77
26,54.61
21.46,204.8
133.47,345.43
7.8,202.07
79.98,420.52
29.47,180.22
48.53,253.95
234.08,346.79
10.4,71
10.4,151.55
12.13,54.61
55.47,371.37
26,77.82
89.73,401.41
204.82,491.52
41.6,229.37
85.83,772.78
26,84.65
58.52,166.57
177.51,638.98
36.4,286.72
64.37,344.06
27.31,165.2
117.04,131.07
17.56,196.61
680.78,308.56
22.53,182.95
303.33,464.21
146.3,266.24
52,245.76
15.61,141.99
26,72.36
15.61,180.22
58.52,357.72
175.56,491.52
31.2,245.76
10.4,131.07
3.47,98.3
109.24,462.85
13.87,87.38
3.9,111.96
5.85,167.93
23.41,163.84
22.53,170.66
45.07,241.66
36.4,218.45
19.07,139.26
85.83,514.05
109.2,1070.42
15.61,165.2
334.53,737.28
39.01,177.49
87.78,376.83
214.93,1130.49
15.6,140.63
68.27,341.33
58.52,155.65
26,262.14
29.47,228.01
34.2,177.49
31.78,122.88
26,76.46
26,86.01
17.56,154.28
19.51,143.36
5.85,65.53
15.61,180.22
60.47,338.6
132.65,385.02
17.33,185.68
58.93,274.43
13.65,151.55
58.52,152.92
13.65,172.03
36.4,131.07
46.8,241.66
55.47,315.39
5.85,135.17
33.16,262.14
26,139.26
74.53,387.75
95.58,435.54
17.56,143.36
36.4,258.05
15.6,150.19
5.2,354.98
13.65,245.76
8.67,122.88
15.6,147.46
13.65,137.9
26,77.82
67.6,245.76
29.47,237.57
157.73,258.05
54.62,150.19
31.2,245.76
52,196.61
130,354.98
26,81.92
19.51,184.32
1.95,71
146.3,249.85
32.93,279.89
146.3,266.24
116.13,410.96
194.13,297.64
17.56,185.68
36.4,212.99
10.4,49.15
27.73,305.83
24.27,124.24
3.9,165.2
13.87,136.53
183.36,469.67
5.85,124.24
32.93,103.76
10.4,154.28
56.57,141.99
175.56,331.77
19.51,148.82
12.13,229.37
682.73,344.06
121.33,370
26,79.19
204.82,364.54
13.65,181.59
12.13,110.59
29.47,221.18
1.73,86.01
19.07,126.97
13.65,151.55
5.85,122.88
5.85,71
21.46,185.68
87.78,248.49
12.13,177.49
50.27,249.85
60.67,244.39
12.13,163.84
36.4,267.6
86.67,475.14
117.04,136.53
36.4,169.3
112.67,177.49
20.8,139.26
33.16,319.49
12.13,158.38
29.47,181.59
10.4,27.31
21.46,161.11
678.83,267.6
10.4,32.77
10.4,38.23
19.07,158.38
29.47,172.03
5.2,43.69
50.27,529.75
189.21,486.06
27.73,208.89
168.13,357.71
193.12,318.12
5.2,24.57
208,726.35
68.27,346.79
19.51,185.68
13.87,120.15
29.47,278.53
31.21,176.13
1.73,120.15
140.45,341.33
251.33,791.89
1.73,102.4
117.04,114.69
35.11,161.11
11.7,126.97
5.2,245.76
15.6,212.99
197.02,567.98
29.26,10.92
29.47,188.41
26,289.45
31.2,211.62
6.93,87.38
25.2,159.74
173.61,349.52
26,65.53
105.34,333.14
19.07,131.07
19.07,184.32
32.93,212.99
97.53,311.29
10.4,125.61
24.27,177.49
36.4,92.84
189.21,371.37
134.6,361.81
9.75,136.53
38.13,196.61
26,81.92
55.47,174.76
38.13,266.24
23.41,270.33
26,218.45
117.04,131.07
17.33,126.97
130,361.81
109.2,214.35
54.62,176.13
1.95,102.4
39.87,805.54
13.65,172.03
19.51,163.84
5.85,202.07
36.4,114.69
161.2,245.76
117.04,107.86
29.47,240.3
258.27,742.74
507.87,715.43
13.65,102.4
17.56,128.34
38.13,147.46
19.07,155.65
56.57,196.61
81.93,555.01
29.47,316.76
15.6,109.23
31.2,256.68
26,75.09
104,1507.33
32.93,225.28
117.04,311.29
5.85,144.72
20.8,172.03
29.47,202.07
29.26,5.46
170.68,122.88
179.46,304.47
85.83,383.66
175.56,465.58
24.27,184.32
66.32,390.48
65.87,264.87
7.8,118.78
17.33,159.74
289.47,1277.95
25.36,131.07
146.3,266.24
27.73,151.55
15.6,143.36
3.9,118.78
91.68,421.89
78,279.89
28.8,278.53
52.67,131.07
24.27,139.26
37.06,174.76
56.57,159.74
32.93,258.05
175.56,371.37
146.3,181.59
3.47,5.46
3.47,158.38
29.47,155.65
89.73,391.85
17.33,129.71
56.57,178.86
195.07,323.58
26,81.92
36.4,234.83
58.52,174.76
235.73,580.26
26,453.29
41.6,757.76
130,356.35
29.47,217.09
130,315.39
20.8,222.55
516.53,2020.69
39.87,245.76
13.65,184.32
36.4,244.39
144.86,288.18
5.85,144.72
3.47,161.11
13.65,144.72
31.2,81.92
66.32,309.25
36.4,177.49
216.67,638.98
117.04,139.26
117.04,150.19
13.65,187.05
36.4,76.46
189.21,562.52
35.11,184.32
7.8,722.26
146.3,266.24
26,262.14
10.4,136.53
60.67,289.45
38.13,169.3
20.8,184.32
20.8,146.09
62.42,532.48
3.47,84.65
52,303.1
6.93,98.3
24.27,221.18
247.87,453.29
48.53,241.66
31.2,176.13
52,376.83
3.9,128.34
29.26,8.19
26,84.65
5.2,32.77
175.56,277.16
393.47,1103.19
5.2,57.34
13.87,307.2
105.34,520.19
12.13,84.65
170.68,122.88
5.2,98.3
36.4,207.53
298.13,547.5
12.13,163.84
17.56,193.88
143.87,296.28
15.61,599.38
36.4,282.62
57.2,292.18
15.61,141.99
20.8,150.18
22.53,249.85
26,77.82
60.47,338.6
204.82,424.62
105.34,365.91
17.56,158.38
185.31,338.6
13.65,172.03
31.2,136.53
90.13,202.07
15.6,152.92
58.52,125.61
19.51,185.68
20.8,196.61
56.57,151.55
26,81.92
24.27,159.74
44.87,282.62
6.93,49.15
13.65,163.84
32.93,258.05
26,58.71
3.9,128.34
189.21,304.47
8.67,113.32
56.57,157.01
29.47,199.34
39.87,334.5
27.73,208.89
19.07,161.11
57.2,135.17
19.51,162.47
38.13,212.99
5.2,114.69
29.47,253.95
15.61,184.32
5.2,133.8
146.3,196.61
5.2,40.96
88.4,628.05
60.47,376.83
19.07,144.72
29.26,5.46
22.53,316.76
1.73,245.76
678.83,327.68
65,204.8
89.73,367.27
10.4,32.77
322.4,835.58
101.43,364.54
5.2,90.11
27.73,154.28
97.53,391.85
130,391.85
189.21,245.76
58.52,150.19
78.03,374.1
11.7,232.1
118.99,137.9
38.13,267.6
117.04,105.13
55.47,319.49
118.99,125.61
13.65,228.01
78.03,327.68
66.32,162.47
5.85,169.3
56.57,176.13
19.07,117.42
29.47,172.03
145.6,211.62
17.56,212.99
3.47,92.84
3.47,5.46
140.4,208.89
5.85,212.99
117.04,137.9
26,175.54
170.68,122.88
17.33,176.13
7.8,182.95
289.47,666.28
220.13,726.36
161.2,204.8
130,345.43
22.53,92.84
26,64.17
175.56,289.64
19.07,193.88
60.47,174.76
17.56,158.38
130,330.41
3.9,86.01
198.97,341.33
150.8,266.24
29.47,162.47
38.13,217.09
31.2,184.32
27.73,212.99
60.67,266.24
29.47,129.7
33.16,143.36
58.52,152.92
13.87,147.45
206.77,278.53
13.87,122.88
138.67,238.93
206.77,486.06
173.61,393.21
31.2,206.16
119.6,233.47
170.68,122.88
109.24,305.83
7.8,225.28
6.93,152.92
109.2,237.57
64.37,350.89
146.3,375.46
170.68,122.88
15.61,196.61
117.04,129.71
58.52,202.07
22.53,144.72
29.47,617.13
10.4,131.07
52,491.52
1.73,32.77
3.47,144.72
251.33,824.66
140.45,324.95
22.53,155.65
9.75,132.44
109.2,1146.88
13.65,144.72
21.46,206.16
143.87,379.56
57.2,255.32
19.07,169.3
12.13,229.37
48.53,152.92
135.2,238.93
13.65,167.94
682.73,425.98
199.33,600.75
31.2,180.22
48.77,319.49
10.4,32.77
43.33,253.95
6.93,121.51
13.65,172.03
91.68,382.29
26,185.68
170.68,122.88
5.85,133.8
270.4,868.35
19.51,195.24
157.73,299.01
12.13,161.11
17.33,129.71
13.65,118.78
79.73,294.91
10.4,172.03
10.4,87.38
36.4,218.45
5.85,152.92
728,972.12
70.22,378.2
52,109.23
15.61,167.93
26,66.9
53.73,262.14
20.8,122.88
192.4,966.65
26,38.23
31.21,10.92
191.17,312.66
26,60.07
17.33,233.47
20.8,144.72
26,158.38
39.87,382.29
19.51,137.9
62.4,180.22
11.7,107.86
419.47,835.58
72.17,375.46
20.8,165.2
130,371.37
26,162.47
327.71,365.91
29.47,349.52
24.27,268.97
44.87,301.05
214.93,611.67
197.02,507.9
241.88,410.96
27.73,236.2
19.07,155.65
60.47,136.53
27.73,185.68
1.95,218.45
15.6,120.15
31.2,187.05
680.78,382.29
32.93,289.45
177.51,404.14
87.78,226.64
68.27,380.93
26,69.63
5.85,172.03
31.2,191.14
27.73,184.32
26,143.36
5.85,76.46
50.72,141.99
1.73,71
52,238.93
12.13,79.19
6.93,154.28
31.2,202.07
170.68,122.88
45.07,202.07
26,65.53
17.33,185.68
52,382.29
170.68,122.88
31.2,212.99
23.41,184.32
13.65,196.61
53.73,98.3
6.93,180.22
102.27,262.14
228.8,2048
120.94,120.15
19.51,491.52
24.27,294.91
97.53,395.94
26,173.4
5.85,146.09
179.46,311.29
17.33,143.36
195.07,297.64
56.57,202.07
57.2,243.03
11.7,536.57
175.56,1228.8
117.04,140.63
44.87,172.03
234,682.67
13.65,195.24
142.4,133.8
45.07,193.88
58.52,109.23
27.73,191.14
170.68,122.88
195.07,327.68
5.57,131.66
133.47,177.49
26,144.72
56.57,148.82
29.47,147.45
175.56,425.98
289.47,602.11
17.56,162.47
24.27,76.46
213.2,389.12
20.8,91.48
175.56,458.75
31.2,263.51
40.96,292.86
29.47,185.68
26,136.53
27.73,207.53
26,69.63
21.46,146.09
31.2,135.17
48.53,212.99
218.4,600.74
34.67,270.33
58.52,177.49
191.17,711.34
29.47,266.24
130,319.49
17.56,133.8
79.73,531.11
79.98,368.64
29.47,180.22
42.91,88.74
105.73,196.61
26,234.83
33.16,174.76
10.4,376.83
60.47,350.21
27.73,236.2
34.67,217.09
10734.52,3025.58
146.3,266.24
17.56,170.66
5.85,121.51
146.3,266.24
26,196.61
55.47,256.68
58.52,169.3
78.03,348.16
240.93,824.66
117.04,150.18
5.85,126.97
13.65,147.45
147.33,266.24
31.2,118.78
10.4,16.38
29.47,157.01
265.2,884.73
27.73,174.76
27.73,196.61
678.83,385.02
26,84.65
24.27,174.76
3.9,111.96
5.85,144.72
17.33,91.48
36.4,237.57
17.56,193.88
15.61,154.28
10.4,16.38
22.53,147.45
162.93,649.9
195.07,323.58
138.67,270.33
53.73,305.83
10.4,218.45
19.07,131.07
58.52,240.3
24.27,173.4
78,294.91
31.2,180.22
31.2,196.61
29.26,54.61
27.73,147.46
117.04,125.61
216.52,737.28
146.3,266.24
23.41,241.66
48.53,114.69
29.47,241.66
52,218.45
15.6,245.76
29.47,221.18
130.69,533.84
31.2,202.07
6.93,326.31
19.07,95.57
10.4,71
3.47,40.96
31.2,244.39
50.72,356.35
5.85,135.17
10.4,114.69
26,155.65
17.33,133.8
12.13,114.69
120.94,393.21
10.97,12.8
109.2,1070.42
78.03,131.07
5.85,137.9
32.93,202.07
146.3,184.32
13.65,122.88
110.93,202.07
124.8,192.51
87.78,425.98
48.53,191.15
20.8,398.68
45.07,174.76
26,101.03
22.53,154.28
24.27,195.24
91.68,350.89
53.73,442.37
29.47,176.13
149.07,244.39
26,102.4
30.6,757.76
15.61,158.38
78.03,401.41
10.4,49.15
29.47,197.97
29.26,180.22
31.2,187.05
15.61,217.09
278.95,454.65
234,606.21
22.53,200.7
29.26,192.51
29.47,192.51
32.93,229.37
52,376.83
147.33,211.62
10.4,38.23
26,72.36
27.73,240.3
31.2,217.09
9.75,131.07
15.61,150.18
32.93,200.7
22.53,263.51
31.2,136.53
32.93,170.66
9.75,174.76
146.3,212.99
29.47,243.03
60.67,311.29
52,760.49
15.96,178.73
10.4,196.61
294.67,693.59
313.73,715.43
109.2,999.42
26,51.88
5.85,141.99
214.93,404.14
5.2,174.76
72.17,10.92
78.03,389.12
9.75,136.53
24.27,193.88
36.4,131.07
15.61,169.3
124.8,341.33
15.6,103.76
10.4,180.22
10.4,129.71
60.67,245.76
118.99,503.81
48.53,245.76
29.47,233.47
5.85,135.17
25.2,101.03
91.68,503.81
60.47,357.72
9.75,151.55
31.2,147.46
26,125.61
25.2,188.41
31.2,371.37
138.67,200.7
19.51,177.49
58.52,161.11
54.62,163.84
117.04,101.03
20.8,161.11
52,212.99
44.87,387.07
19.07,206.16
294.67,1168.72
85.83,348.16
124.84,356.35
85.83,43.69
282.53,688.13
296.4,585.73
83.88,335.87
13.87,144.72
143.87,146.09
29.47,217.09
10677.95,3473.41
31.2,184.32
107.29,389.12
20.8,199.34
175.56,338.6
12.13,275.8
9.75,150.19
29.47,327.68
54.62,344.06
26,163.84
62.42,319.49
3.47,114.69
18.57,157.99
169.87,748.2
13.87,155.65
21.46,208.89
36.4,199.34
10.4,73.73
135.2,172.03
3.9,136.53
12.13,122.88
27.73,206.16
5.2,98.3
22.53,65.53
22.53,172.03
13.87,151.55
175.56,606.21
9.75,159.74
5.85,111.96
88.4,578.9
12.13,185.68
31.2,139.26
55.47,356.35
5.85,38.23
17.56,152.92
58.93,245.76
10.4,38.23
52,420.52
706.14,371.37
58.52,133.8
26,238.93
13.87,122.88
41.6,135.17
117.04,125.61
56.57,192.51
302.35,468.99
26,193.88
22.53,278.53
17.33,133.8
38.13,197.97
12.13,16.38
31.2,200.7
26,86.01
29.26,2.73
135.2,270.33
31.2,162.47
126.79,453.29
26,212.99
34.67,251.22
15.6,137.9
10.4,32.77
60.67,234.84
52,81.92
58.52,188.41
83.2,172.03
132.65,137.9
10.4,81.92
26,202.07
6.93,32.77
26,84.65
185.31,502.44
10.4,114.69
9.75,158.38
99.48,361.81
358.8,748.2
170.68,122.88
29.47,157.01
20.8,176.13
87.78,348.16
27.73,307.2
10.4,107.86
26,65.53
17.56,152.92
170.68,122.88
5.85,125.61
26,192.51
43.33,255.32
7.8,131.07
21.46,206.16
109.2,172.03
53.73,237.57
78.03,354.98
145.6,262.14
17.33,192.51
118.99,279.89
126.79,453.29
29.26,19.11
19.07,114.69
76.27,475.13
22.53,128.34
6.93,155.65
204.82,529.75
301.6,748.2
35.11,428.03
13.65,154.28
126.53,342.7
120.94,148.82
20.8,319.49
13.87,98.3
6.93,359.08
26,88.74
32.93,184.32
78.03,333.14
686.63,294.91
13.65,172.03
261.39,480.6
27,117.42
36.4,245.76
17.56,150.19
31.2,245.76
124.84,314.02
135.2,180.22
17.33,192.51
10.4,405.5
31.21,161.11
27.73,172.03
13.65,141.99
19.07,111.96
170.68,122.88
26,60.07
26,88.74
1.73,54.61
221.87,649.9
36.4,256.68
21.46,200.7
15.6,128.34
26,77.82
17.33,151.55
26,50.51
175.56,266.24
99.48,289.45
21.46,118.78
315.47,1403.56
175.56,458.75
39.87,398.68
12.13,172.03
54.62,166.57
21.46,177.49
20.8,146.09
31.2,141.99
20.8,98.3
3.9,116.05
29.26,10.92
62.42,232.1
36.4,196.61
91.68,368.64
10.4,122.88
19.51,258.05
243.83,354.98
22.53,226.64
20.8,151.55
12.13,117.42
143.87,199.34
10.4,131.07
1.95,81.92
10.4,131.07
212.62,491.52
71.07,409.6
26,94.21
10.4,102.4
26,92.84
15.6,155.65
38.13,212.99
149.07,294.91
1.73,102.4
26,109.23
36.4,219.82
22.53,139.26
5.85,137.9
163.86,415.74
17.33,192.51
17.56,177.49
13.87,357.72
24.27,129.71
19.51,126.97
19.07,58.71
27.73,124.24
175.56,425.98
7.8,177.49
146.3,266.24
2178.89,1454.08
142.13,258.05
146.3,234.83
183.36,364.54
24.27,199.34
58.93,764.59
19.51,176.13
30.6,199.34
31.2,141.99
86.67,458.75
1.73,95.57
26,161.11
19.51,192.51
12.13,92.84
15.61,192.51
35.11,184.32
36.4,98.3
52,141.99
247.87,1267.03
83.2,196.61
31.2,148.82
12.13,137.9
5.85,131.07
32.93,204.8
72.8,289.45
19.07,121.51
36.4,236.2
27.73,230.74
78.03,329.04
29.47,188.41
239.2,488.79
32.93,195.24
3.9,72.36
58.52,163.84
146.3,266.24
22.53,219.82
17.33,154.28
52,436.91
19.07,151.55
159.95,390.48
20.8,207.53
537.33,2075.3
191.17,546.13
237.98,389.12
5.85,131.07
26,65.53
32.93,144.72
109.2,203.43
46.8,286.72
145.6,204.8
99.48,364.54
43.33,240.3
173.61,682.66
12.13,147.46
36.4,360.45
34.67,125.61
26,90.11
27.73,329.04
175.56,282.62
9.75,129.7
10.4,43.69
78,693.59
150.8,258.05
130,402.77
286.75,1239.72
62.4,292.18
9.75,185.68
6.27,118.49
17.56,144.72
144.35,518.83
9.75,140.63
60.67,226.64
130,357.72
13.87,151.55
26,157.01
21.46,143.36
87.78,344.06
22.53,289.45
146.3,266.24
29.47,247.12
45.07,382.29
31.21,221.18
109.2,972.12
60.47,282.62
1.73,68.26
58.52,125.61
235.73,622.59
1.73,126.97
12.13,152.91
17.56,139.26
700.29,297.64
29.26,21.85
6.93,141.99
52,278.53
157.73,245.76
16.72,172.62
38.13,222.55
6.93,81.92
117.04,88.74
9.75,167.93
26,146.09
13.87,111.96
5.2,16.38
25.2,135.17
159.47,638.97
181.41,374.1
109.2,196.6
26,159.74
22.53,161.11
46.8,262.14
188.93,507.9
26,92.84
68.27,323.58
26,49.15
11.7,155.65
114.4,983.04
24.27,76.46
5.2,54.61
55.47,163.84
20.8,202.07
152.53,236.2
36.4,212.99
5.2,150.19
52,251.22
1613.73,483.33
20.8,176.13
223.6,666.28
31.2,166.57
45.07,245.76
22.53,182.95
45.07,214.35
130,398.68
24.27,173.4
27,165.2
220.43,786.43
38.13,192.51
31.2,409.6
29.47,170.67
29.26,129.7
32.93,76.46
26,72.36
109.2,223.91
34.67,222.55
22.53,180.22
104,1190.57
145.6,185.68
26,184.32
130,364.54
29.47,163.84
175.56,436.91
130,303.1
58.93,316.76
146.3,266.24
29.47,180.22
20.8,188.41
20.8,177.49
29.47,188.41
170.68,122.88
3.47,65.54
36.4,174.76
39.87,207.53
87.78,401.41
29.47,170.66
19.51,187.05
24.27,92.84
11.7,80.55
177.51,335.87
29.47,159.74
7.8,117.42
29.47,189.78
21.46,126.97
36.4,169.3
298.13,868.35
22.53,210.26
19.51,152.92
22.53,154.28
31.2,236.2
74.13,131.07
17.33,163.84
22.53,199.34
17.33,65.53
29.26,8.19
189.21,311.29
279.07,573.44
58.52,98.3
24.27,206.16
87.78,399.36
19.07,382.29
27.73,274.43
146.3,266.24
54.62,161.11
5.85,114.69
31.2,285.35
19.51,192.51
19.51,200.7
31.2,139.26
146.3,178.86
17.33,140.63
251.33,682.67
10.4,133.8
31.2,165.2
258.27,628.05
10.4,103.76
12.13,32.77
33.16,202.07
57.2,398.68
26,57.34
142.4,116.05
208,584.36
20.8,150.19
15.61,159.74
17.33,165.2
10.4,65.54
24.27,270.33
175.56,282.62
31.2,173.4
7.8,120.15
232.27,398.68
17.33,152.92
78,191.15
220.43,589.82
27,135.17
17.33,162.47
10.4,174.76
36.4,191.15
53.73,249.85
29.47,196.61
8.67,141.99
19.07,249.85
109.24,330.41
8.67,385.02
26,61.44
17.33,109.23
117.04,91.48
20.8,155.65
45.07,293.54
56.57,152.92
24.27,219.82
7.8,163.84
117.04,114.69
9.75,185.68
45.07,217.09
23.41,152.92
5.2,98.3
15.61,197.97
17.56,177.49
3.47,16.38
53.73,249.85
19.07,128.34
13.87,161.11
130,363.18
29.47,234.84
62.4,442.37
31.2,81.92
22.53,196.61
26,278.53
20.8,139.26
38.13,233.47
26,144.72
25.2,174.76
74.13,327.68
26,135.17
213.2,830.12
150.8,412.33
9.75,176.13
17.33,195.24
26,234.84
144.35,363.18
35.11,167.93
22.53,121.51
500.93,562.52
27.73,185.68
52,442.37
1.73,87.38
5.2,122.88
20.8,221.18
206.27,425.98
120.94,113.32
175.56,329.04
11.7,155.65
29.47,200.7
177.51,606.21
26,212.99
5.2,87.38
32.93,204.8
105.34,338.6
26,203.43
286.75,507.9
26,65.53
21.46,122.88
148.25,786.43
31.2,167.94
31.21,241.66
26,51.88
58.52,125.61
159.47,567.98
25.2,107.86
78.03,374.1
29.47,264.87
179.46,274.43
24.27,159.74
78.03,349.52
175.56,299.01
32.5,49.49
1.95,76.46
26,270.33
17.56,176.13
45.07,256.68
48.53,382.29
3.47,32.77
99.48,368.64
130.69,503.81
26,103.76
19.07,180.22
10.4,212.99
1.73,322.22
15.6,129.7
26,141.99
156.05,349.52
7.8,589.82
36.4,163.84
83.88,344.06
146.3,245.76
20.8,133.8
15.61,167.93
135.2,204.8
170.68,122.88
17.33,170.67
19.07,88.74
15.61,166.57
3.47,84.65
33.16,192.51
149.07,230.74
17.33,197.97
257.49,350.89
134.6,371.37
6.93,169.3
216.52,475.13
36.4,98.3
7.8,161.11
29.47,273.06
136.55,349.52
5.2,43.69
147.33,281.26
24.27,247.12
19.07,348.16
680.78,439.64
19.07,94.21
25.2,139.26
145.6,215.72
32.93,212.99
146.3,92.84
5.85,135.17
25.36,223.91
29.26,8.19
103.39,465.58
29.26,17.55
58.52,155.65
36.4,221.18
26,109.23
17.56,131.07
27.73,143.36
10.4,16.38
26,79.19
897.87,843.77
26,167.94
234,606.21
15.6,150.19
12.13,68.26
5.2,136.53
20.8,135.17
56.57,133.8
12.54,162.38
117.04,121.51
175.56,349.52
12.13,299.01
185.47,813.74
29.26,170.66
39.87,253.95
36.4,289.45
23.41,270.33
15.6,152.92
270.4,536.57
109.2,212.99
24.27,79.19
52,241.66
54.62,442.37
22.53,154.28
17.33,151.55
135.2,180.22
66.32,364.54
682.73,311.29
19.07,140.63
20.8,150.19
177.51,420.52
419.47,748.2
27.73,139.26
142.13,299.01
27.73,141.99
26,83.28
10.4,21.84
44.87,335.87
27.31,151.55
39.87,219.82
26,73.73
83.88,131.07
27.73,167.93
31.2,212.99
60.47,378.2
2282.28,1236.99
103.39,368.64
26,61.44
26,54.61
10.4,40.96
132.65,199.34
9.75,159.74
138.67,241.66
10.4,125.61
135.2,202.07
146.3,266.24
26,98.3
54.62,169.3
29.26,40.96
7.8,734.55
26,58.71
130,333.14
27.31,159.74
56.57,177.49
15.61,197.97
10.4,65.53
29.47,191.15
34.67,131.07
15.61,161.11
355.33,606.21
29.47,131.07
20.8,204.8
5.2,60.07
19.51,135.17
60.67,327.68
284.27,835.58
36.4,229.37
70.71,1597.44
83.2,436.91
27.31,141.99
22.53,163.84
1.95,71
7.8,159.74
142.13,196.6
5.85,135.17
34.67,207.53
58.52,180.22
19.07,256.68
6.93,49.15
11.7,128.34
34.67,243.03
20.8,132.44
36.4,71
130,327.68
26,135.17
26,169.3
19.07,103.76
99.48,338.6
135.85,310.12
24.27,207.53
13.65,163.84
10.4,131.07
54.62,158.38
29.26,5.46
29.47,204.8
21.46,159.74
682.73,406.87
17.33,139.26
3.47,174.76
3.47,27.31
19.51,177.49
117.04,95.57
138.67,200.7
468,644.44
95.58,331.77
29.47,139.26
130,348.16
15.61,180.22
117.04,110.59
145.6,225.28
13.65,146.09
202.87,622.59
62.4,275.8
26,64.17
21.46,192.51
43.33,286.72
15.6,155.65
22.53,197.97
3.9,103.76
19.07,133.8
31.2,180.22
109.2,944.81
29.47,152.92
34.67,278.53
15.6,267.6
22.53,181.59
29.26,8.19
115.09,303.1
19.07,196.61
306.8,1004.88
93.63,303.1
83.88,1425.41
52,256.68
265.29,565.25
117.04,121.51
130,349.52
19.07,114.69
332.8,580.27
5.85,163.84
56.57,197.97
12.13,193.88
31.2,196.61
43.33,260.78
13.65,125.61
34.67,245.76
140.45,155.65
31.2,159.74
45.07,232.1
64.13,267.6
76.27,131.07
12.13,87.38
15.61,193.88
201.07,584.36
76.27,251.22
58.52,182.95
19.51,212.99
8.67,143.36
170.68,122.88
27.73,274.43
10.4,98.3
29.26,166.57
17.33,204.8
41.6,232.1
52,557.05
22.53,181.59
31.21,221.18
22.53,92.84
175.56,335.87
31.2,143.36
74.53,595.28
5.85,155.65
26,58.71
202.73,248.68
27.73,155.65
22.53,122.88
97.53,363.18
338,839.68
38.13,311.3
13.65,163.84
5.85,131.07
10.4,191.15
83.88,324.95
271.14,622.59
170.68,122.88
13.87,131.07
21.46,169.3
87.78,495.61
115.09,405.5
6.93,307.2
26,120.15
122.89,124.24
175.56,393.21
5.2,81.92
17.56,188.41
5.85,229.37
26,166.57
24.27,176.13
78.03,354.98
19.07,133.8
58.52,196.61
26,188.41
135.2,245.76
48.77,163.84
5.85,114.69
26,166.57
146.3,266.24
678.83,223.91
146.3,266.24
259.44,522.24
19.8,176.13
71.07,322.22
15.61,114.69
19.07,671.74
17.56,71
32.93,330.41
7.8,137.9
55.47,268.97
13.87,413.69
32.93,263.51
210.67,335.87
26,196.61
9.75,134.83
26,139.26
31.2,229.37
26,191.14
35.11,129.71
10.4,128.34
204.82,307.2
5.85,150.18
19.07,189.78
62.4,135.17
31.2,184.32
9.75,181.59
128.27,333.14
210.67,435.54
20.8,110.59
146.3,266.24
34.67,335.87
39.87,233.47
109.2,210.26
29.47,166.57
53.73,238.93
10.4,109.23
22.53,131.07
43.33,266.24
26,62.8
53.73,154.28
119.6,292.18
37.06,331.77
3.47,118.78
161.2,308.56
31.2,256.68
175.56,458.75
193.12,307.2
6.93,172.03
27,155.65
10.4,147.45
50.72,176.13
21.46,95.57
10.4,131.07
33.16,165.2
15.6,207.53
109.2,203.43
29.26,65.54
48.77,364.54
22.53,184.32
52,81.92
57.2,282.62
19.07,147.45
193.12,315.39
26,81.92
81.93,218.45
89.73,380.93
22.53,187.05
206.77,376.83
74.53,835.58
5.85,124.24
15.61,189.78
22.53,176.13
29.47,196.61
13.87,157.01
258.27,797.35
29.26,229.37
245.78,404.14
26,86.01
13.65,154.28
29.26,24.57
15.61,202.07
27.73,163.84
117.04,101.03
7.8,128.34
10.4,278.53
40.96,237.57
20.8,162.47
17.56,218.45
27.73,188.41
146.3,266.24
76.27,786.43
110.93,176.13
9.75,172.03
43.89,157.99
26,234.84
193.12,253.95
119.6,335.87
19.07,155.65
13.87,136.53
3.47,71
17.56,189.78
6.93,114.69
12.13,199.34
71.07,393.21
10.4,32.77
9.75,141.99
50.72,1345.53
31.2,278.53
55.47,109.23
103.39,307.2
24.27,76.46
22.53,166.57
26,57.34
9.75,122.88
89.73,413.69
15.61,187.05
17.56,181.59
29.47,193.88
29.47,266.24
26,66.9
130,333.14
52,193.88
81.47,524.29
29.47,181.59
5.2,73.73
36.4,51.88
24.27,195.24
36.4,81.92
147.33,243.03
60.47,266.24
6.93,120.15
31.2,256.68
48.53,65.54
117.04,121.51
52,289.45
31.21,24.57
15.61,151.55
32.93,338.6
32.93,132.44
24.27,221.18
31.2,252.58
140.4,211.62
169.71,367.27
696.39,341.33
31.2,219.82
185.31,518.83
218.47,354.99
17.56,192.51
27,147.45
1.73,147.45
65.87,606.21
21.46,207.53
55.47,371.37
3.47,148.82
32.93,277.16
122.89,118.78
32.93,226.64
117.04,73.73
15.6,371.37
179.46,486.06
32.93,191.14
12.13,122.88
33.16,136.53
52,360.45
33.16,163.84
232.27,387.75
29.47,169.3
140.4,379.56
8.67,135.17
698.34,311.29
338,633.51
126.53,648.53
5.85,125.61
197.6,386.39
17.33,114.69
9.75,131.07
105.73,215.72
58.52,191.15
197.02,567.98
35.53,337.92
140.4,443.73
145.6,230.74
120.94,342.7
6.93,87.38
29.47,233.47
688.59,327.68
680.78,346.79
24.27,53.25
5.85,139.26
17.33,192.51
2234.27,4440.06
81.47,281.26
351.87,1392.64
20.8,154.28
56.57,159.74
5.85,54.61
22.53,178.86
9.75,173.4
29.47,98.3
31.2,217.09
15.6,158.38
10.4,251.22
10.4,223.91
3.9,69.63
43.33,626.69
26,131.07
87.78,327.68
3.47,65.54
9.75,102.4
79.98,356.35
17.33,139.26
102.27,240.3
29.47,248.49
126.79,472.4
15.61,199.34
20.8,139.26
170.68,122.88
7.8,137.9
17.56,169.3
11.7,105.13
551.2,1720.32
26,256.68
353.6,868.35
26,80.55
57.2,170.66
36.4,252.58
202.87,350.89
29.47,202.07
25.2,137.9
15.61,151.55
135.2,199.34
74.53,491.52
306.8,2239.14
31.2,185.68
20.8,110.59
10.4,16.38
204.82,562.52
130,330.41
34.67,182.95
5.85,32.77
3.47,38.23
27.73,222.55
91.68,319.49
58.52,169.3
36.4,191.15
120.94,331.77
3.47,8.19
38.13,365.91
6.93,21.85
26,55.98
117.04,107.86
32.93,158.38
19.07,202.07
135.2,268.97
117.04,331.77
22.53,101.03
708.09,365.91
24.27,228.01
10.4,87.38
26,181.59
20.8,176.13
175.56,420.52
17.56,195.24
17.33,176.13
109.2,238.93
17.33,152.92
58.52,221.18
170.68,122.88
170.68,122.88
17.56,223.91
12.13,65.53
138.67,232.1
38.13,259.41
10.4,27.31
17.56,144.72
17.33,240.3
19.51,163.84
138.5,368.64
15.6,294.91
85.83,329.04
26,77.82
29.47,176.13
31.2,225.28
62.42,294.91
26,191.15
31.2,189.78
3.9,81.92
13.87,144.72
20.8,180.22
17.33,154.28
27.73,141.99
117.04,107.86
31.2,290.81
5.85,143.36
422.93,1736.7
154.1,399.36
183.36,421.89
177.51,551.59
214.93,688.13
13.87,169.3
10.4,109.22
15.6,151.55
13.87,158.38
52,327.68
26,55.98
5.85,84.65
36.4,431.44
20.8,174.76
20.8,327.68
34.67,266.24
27.31,163.84
54.62,178.86
26,147.45
34.67,217.09
3.47,71
27.73,222.55
200.92,589.82
12.13,147.46
15.6,256.68
26,212.99
270,819.2
26,202.07
13.65,192.51
26,161.11
101.43,281.26
97.07,180.22
19.07,125.61
7.8,157.01
175.56,319.49
6.93,212.99
48.53,244.39
214.93,819.2
142.13,251.22
5.2,191.15
29.47,139.26
22.53,159.74
15.6,152.92
50.27,316.76
31.2,135.17
17.56,162.47
31.2,225.28
126.79,385.02
27.73,204.8
22.53,152.92
19.51,167.93
13.65,92.84
5.85,81.92
117.04,126.97
237.47,759.12
146.3,266.24
26,76.46
24.27,182.95
26,92.84
26,222.55
15.6,163.84
64.13,92.84
109.2,234.84
6.93,98.3
189.21,365.91
26,109.23
36.4,169.3
58.52,125.61
56.57,217.09
225.33,682.66
117.04,172.03
24.27,245.76
150.8,813.74
120.94,364.54
2387.62,1769.47
27,139.26
22.53,189.78
22.53,196.61
27.73,211.62
26,60.07
32.93,266.24
37.06,325.63
29.47,157.01
10.4,98.3
5.85,60.07
183.36,338.6
20.8,176.13
15.6,121.51
22.53,151.55
31.2,135.17
25.2,139.26
113.14,428.71
54.62,157.01
26,172.03
10.4,335.87
277.33,578.9
193.12,278.53
52,458.75
26,84.65
26,49.15
10.4,158.38
260,638.97
26,212.99
5.2,21.84
31.2,146.09
19.07,87.38
17.33,148.82
83.88,350.89
68.27,372.73
146.3,266.24
200.92,655.36
289.47,835.58
50.27,176.13
55.47,180.22
22.53,217.09
115.09,393.21
130,367.27
57.2,210.26
147.33,212.99
10.4,133.8
175.56,319.49
109.24,331.77
120.94,567.98
33.16,146.09
22.53,114.69
104,922.96
52,165.2
24.27,126.97
5.85,118.78
5.2,65.53
35.11,147.45
36.4,225.28
24.27,228.01
32.93,281.26
706.14,322.22
17.56,151.55
5.2,27.31
6.93,111.96
52,415.06
57.2,281.26
13.65,139.26
135.2,376.83
146.3,166.57
31.21,140.63
29.26,32.77
58.52,131.07
19.07,232.1
29.47,211.62
10.4,90.11
10.4,98.3
15.6,174.76
187.26,281.26
3.47,103.76
195.07,271.7
31.2,241.66
26,81.92
60.67,425.98
12.13,139.26
53.73,275.8
26,88.74
27,132.44
19.51,166.57
130.69,383.66
48.53,126.97
65.87,420.52
202.87,326.31
32.93,294.91
146.3,266.24
25.36,167.93
107.47,176.13
54.62,217.09
10.4,65.53
15.6,204.8
29.47,277.16
104,1135.95
702.24,379.56
144.35,131.07
324.13,682.67
22.53,157.01
17.33,155.65
17.33,420.52
117.04,139.26
1.73,102.4
29.47,173.4
11.7,229.37
118.99,107.86
104,1097.73
15.6,125.61
15.6,170.67
23.41,176.13
187.26,297.64
19.07,96.94
175.56,393.22
5.2,98.3
19.07,146.09
134.6,469.67
167.76,372.73
365.73,1578.32
13.87,118.78
79.73,282.62
19.07,147.45
32.93,181.59
2471.73,535.21
5.2,21.84
19.07,185.68
10.4,32.77
27.31,129.71
71.07,376.83
17.33,122.88
17.56,157.01
29.26,147.45
6.93,72.36
185.31,305.83
29.47,163.84
48.53,204.8
56.57,169.3
31.2,177.49
5.85,137.9
26,69.63
20.8,148.82
26,76.46
22.53,150.19
5.85,92.84
60.67,252.58
6.93,71
117.04,110.59
27.73,189.78
17.56,129.71
175.56,276.48
29.26,16.38
10.4,16.38
24.27,176.13
17.56,173.4
1.73,129.7
537.33,2282.84
674.93,425.98
29.26,92.84
15.61,174.76
26,185.68
39.87,270.33
29.47,200.7
24.27,172.03
10.4,81.92
29.47,147.45
6.93,81.92
27.73,166.57
13.87,143.36
45.07,228.01
26,354.99
52.67,266.24
185.31,293.54
189.21,584.36
1.73,133.8
31.2,137.9
33.16,288.77
13.87,111.96
212.62,372.73
39.87,141.99
19.07,174.76
221.87,726.36
25.2,169.3
25.36,193.87
58.93,334.5
83.88,873.81
15.6,181.59
20.8,182.95
26,154.28
29.47,237.57
24.27,83.28
26,69.63
123.07,356.35
19.51,228.01
33.16,232.1
213.2,704.51
118.99,401.41
41.6,266.24
105.34,331.77
3.9,16.38
48.53,161.11
26,192.51
7.8,114.69
140.4,249.85
27.73,137.9
135.2,192.51
99.48,360.45
13.87,72.36
15.6,163.84
175.56,742.74
289.47,628.05
197.02,491.52
26,163.84
22.53,159.74
41.6,241.66
109.2,245.76
26,114.69
175.56,303.1
19.51,202.07
54.62,177.49
36.4,131.07
374.53,395.94
58.93,297.64
5.2,49.15
17.33,192.51
10.4,43.69
13.65,184.32
43.33,229.37
15.61,191.14
45.07,289.45
31.2,289.45
298.13,759.12
29.47,278.53
25.36,159.74
78.03,405.5
279.07,551.59
175.56,237.57
105.73,278.53
448.93,2173.61
3.47,114.69
15.6,109.23
6.93,185.69
15.61,158.38
202.87,376.83
118.99,143.36
10.4,103.76
13.87,158.38
36.4,237.57
31.2,192.51
276.99,475.13
17.56,137.9
58.52,125.61
5.85,133.8
99.48,367.27
29.26,2.93
241.88,387.75
32.93,219.82
10.4,120.15
52,535.21
327.6,715.43
12.13,92.84
183.36,376.83
26,57.34
5.2,122.88
107.29,424.62
117.04,96.94
19.07,146.09
19.07,133.8
117.04,98.3
21.46,188.41
60.47,575.49
107.47,1075.88
6.93,65.53
332.8,1267.03
27.73,215.72
32.93,152.92
52,131.07
12.13,136.53
109.2,988.5
31.21,270.33
31.2,185.68
19.51,222.55
5.85,180.22
52,327.68
130,334.5
58.52,84.65
117.04,105.13
28.8,147.46
6.93,68.26
15.6,125.61
109.24,442.37
34.67,331.77
27.73,189.78
15.61,197.97
41.6,247.12
17.56,169.3
13.65,181.59
31.2,249.85
198.97,337.23
154.27,397.31
301.6,753.66
27.73,204.8
52.67,155.65
513.07,1523.71
12.13,167.94
58.93,253.95
19.07,120.15
17.56,166.57
130,337.24
22.53,155.65
31.2,245.76
45.07,114.69
55.47,163.84
17.56,176.13
193.12,371.37
64.37,324.95
163.86,397.31
374.4,1228.8
9.75,128.34
26,79.19
680.78,324.95
241.88,365.91
19.07,174.76
26,81.92
57.2,331.77
58.52,125.61
3.47,35.5
21.46,794.62
26,182.95
21.46,196.61
64.13,202.07
145.6,223.91
48.77,571.39
34.67,184.32
19.07,135.17
66.32,2140.84
357.39,475.43
130,379.56
8.67,131.07
206.77,357.72
12.13,132.44
1.73,76.46
26,47.78
31.2,161.11
29.26,13.65
8.67,38.23
55.47,404.14
17.56,225.28
33.16,169.3
5.2,212.99
24.27,189.78
29.47,222.55
170.68,122.88
32.93,141.99
36.4,165.2
20.8,229.37
54.62,155.65
25.36,163.84
26,122.88
24.27,158.38
31.2,169.3
56.57,169.3
26,174.76
19.51,158.38
10.4,98.3
126.79,454.65
5.85,189.78
27,165.2
31.2,172.03
702.24,346.79
117.04,126.97
269.19,606.21
22.53,159.74
26,55.98
386.53,1108.65
15.6,196.61
7.8,178.86
20.8,181.59
29.26,8.19
15.6,152.92
62.4,120.15
31.2,245.76
145.6,214.35
32.93,225.28
34.67,157.01
58.52,98.3
78.03,331.77
26,61.44
15.6,116.05
20.8,147.45
678.83,346.79
5.85,144.72
109.2,203.43
31.2,223.91
200.92,518.83
135.2,192.51
38.13,262.14
170.68,122.88
32.93,181.59
126.79,503.81
5.85,143.36
20.8,192.51
15.61,151.55
10.4,147.45
31.21,43.69
34.67,165.2
8.67,49.15
21.46,159.74
263.47,1108.65
24.27,210.26
110.93,884.73
53.73,271.7
19.51,180.22
31.2,292.18
680.78,363.18
1.73,102.4
25.36,203.43
33.16,187.05
26,262.14
109.2,189.78
680.78,281.26
1.73,71
15.6,152.92
154.27,348.16
31.2,158.38
197.02,309.93
31.2,163.84
107.29,385.02
161.2,251.22
22.53,318.12
682.73,344.06
175.56,274.43
29.26,150.19
57.2,289.45
25.2,178.86
25.2,122.88
58.52,95.57
26,53.25
43.33,290.81
7.8,118.78
308.53,1409.02
35.11,181.59
22.53,133.8
56.57,150.19
5.85,121.51
29.26,8.19
33.16,266.24
29.47,188.41
26,73.73
8.67,122.88
31.2,234.83
19.07,107.86
54.62,210.26
20.8,140.63
22.53,230.74
29.47,139.26
26,163.84
21.46,165.2
27.73,128.34
109.2,225.28
9.75,73.73
17.33,188.41
13.65,152.92
20.8,195.24
72.17,376.83
181.41,339.97
13.65,502.44
189.21,371.37
146.3,147.46
146.3,266.24
58.52,253.95
12.13,174.76
17.56,158.38
27.73,223.91
117.04,116.05
11.7,92.84
68.27,368.64
26,58.71
52,245.76
15.61,139.26
10.4,202.07
9.75,146.09
208,759.12
60.47,208.89
116.13,417.79
107.47,1103.19
31.2,225.28
154.1,435.54
146.3,266.24
31.2,167.93
15.6,158.38
19.51,187.05
6.93,32.77
117.04,121.51
31.2,208.89
189.21,285.35
36.4,180.22
17.33,117.42
27.73,159.74
13.87,155.65
27,152.92
60.67,307.2
24.27,161.11
55.47,393.21
26,68.26
20.8,203.43
76.27,268.97
60.47,189.78
52,136.53
14.4,103.76
52,273.07
22.53,148.82
27.73,188.41
45.07,331.77
109.2,248.49
31.2,282.62
130,324.95
58.52,136.53
280.9,339.97
52,371.37
6.93,32.77
29.47,266.24
148.25,323.58
20.8,102.4
53.73,270.33
7.8,109.23
114.4,303.1
692.49,324.95
26,53.25
29.47,167.94
70.22,393.22
159.47,273.07
31.2,154.28
25.2,197.97
674.93,253.95
29.26,271.7
146.3,266.24
60.47,200.7
1.73,90.11
331.07,1288.87
19.07,161.11
29.26,8.19
299.87,950.27
83.88,333.82
27.31,182.95
53.73,324.95
17.56,170.67
269.19,315.39
1837.53,1310.72
183.36,266.24
20.8,176.13
17.33,128.34
142.13,253.95
24.27,98.3
6.93,43.69
133.47,367.27
9.75,158.38
76.08,344.06
10.4,136.53
32.93,196.61
130,301.74
26,223.91
26,32.76
68.27,319.49
26,218.45
91.68,656.72
68.27,322.22
29.26,16.38
27.31,122.88
20.8,212.99
5.85,154.28
5.85,137.9
27.73,214.35
26,128.34
31.2,222.55
147.33,238.93
29.47,180.22
38.13,248.49
57.2,274.43
17.33,163.84
31.2,207.53
189.21,387.75
27.73,274.43
698.34,297.64
15.6,199.34
83.88,303.1
58.52,120.15
21.46,174.76
6.93,84.65
12.13,245.76
27.73,193.88
15.6,139.26
20.8,170.66
31.2,279.89
232.27,699.05
21.46,161.11
36.4,81.92
74.13,647.17
10.4,62.8
31.2,170.67
52,453.29
25.36,197.97
12.13,159.74
2470,516.09
204.82,638.97
157.73,669.01
58.52,147.45
78.03,356.35
29.26,40.96
19.07,334.5
9.75,172.03
26,117.42
26,207.53
19.07,147.45
10.4,65.53
27.31,193.88
146.3,128.34
35.11,176.13
56.57,180.22
149.07,221.18
64.13,524.29
31.2,76.46
10.4,131.07
26,248.49
130,311.29
12.13,303.1
26,163.84
20.8,73.73
136.55,491.52
170.68,122.88
9.75,232.1
147.33,357.72
13.65,155.65
20.8,43.69
11.7,120.15
31.2,87.38
26,76.46
118.99,147.46
29.47,181.59
9.75,158.38
26,101.03
682.73,281.26
26,57.34
22.53,184.32
26,86.01
56.57,177.49
52.67,256.68
727.6,720.89
5.2,16.38
225.33,600.74
26,49.15
33.16,21.84
105.34,544.77
206.77,358.4
357.07,983.04
5.2,10.92
19.8,125.61
29.26,90.11
60.47,207.53
31.2,223.91
17.33,126.97
53.73,518.82
124.84,364.54
40.96,147.45
58.52,32.77
5.85,155.65
19.51,117.42
26,98.3
142.13,245.76
31.2,256.68
109.2,237.57
24.27,172.03
5.85,129.71
17.56,174.76
5.85,151.55
29.26,24.57
29.26,264.19
3.47,180.22
343.2,688.13
163.86,327.68
31.2,188.41
15.61,192.51
145.6,196.61
7.8,169.3
124.8,337.24
26,155.65
1.73,88.74
29.47,16.38
104,1004.88
130,363.18
21.46,234.83
29.26,10.92
27.73,139.26
27.31,229.37
7.8,118.78
3.9,253.95
31.2,188.41
29.47,196.61
22.53,148.82
5.85,159.74
19.07,173.4
5.85,110.59
19.07,139.26
20.8,608.94
114.4,197.97
10.4,81.92
26,114.69
29.47,260.78
7.8,131.07
15.6,290.81
198.97,432.81
26,72.36
35.11,200.7
20.8,346.79
22.53,150.18
27.73,212.99
21.46,260.78
27.73,188.41
58.52,90.11
19.07,462.85
42.91,301.05
31.2,304.47
22.53,176.13
12.13,170.66
5.85,136.53
134.6,204.8
8.67,229.37
34.67,436.91
175.56,475.13
10.4,98.3
56.57,120.15
11.7,176.13
29.47,217.09
170.68,122.88
19.51,140.63
85.83,468.99
22.53,211.62
20.8,203.43
10.4,92.84
202.87,256.68
19.07,282.62
74.53,846.51
31.2,189.78
19.07,158.38
126.79,111.96
6.93,114.69
39.87,264.87
46.8,315.39
31.2,267.6
78.03,348.16
109.24,425.98
13.65,120.15
31.2,140.63
29.47,129.71
52.67,152.92
100.53,191.15
175.56,299.01
29.47,158.38
10.4,166.57
27.73,219.82
41.6,237.57
26,251.22
15.6,210.26
10.4,163.84
26,73.73
24.14,251.61
13.65,140.63
26,62.8
15.6,133.8
20.8,176.12
48.53,202.07
26,761.85
3.9,98.3
43.33,217.09
279.07,611.67
22.53,221.18
15.61,187.05
370.93,1376.25
66.32,217.09
24.27,141.99
15.61,159.74
26,135.17
19.51,177.49
126.79,385.02
52,193.88
13.65,161.11
175.56,573.44
31.21,16.38
31.2,158.38
29.47,256.68
26,109.85
87.78,207.53
6.93,65.53
170.68,122.88
35.11,32.77
29.47,161.11
245.78,573.44
64.37,387.75
104,988.5
10.4,136.53
11.7,139.26
109.24,393.21
1359.61,937.98
52,162.47
10.4,32.77
52,540.67
21.46,226.64
31.2,241.66
15.61,129.71
6.93,65.53
27.73,223.91
163.86,389.12
26,65.53
13.87,144.72
140.4,251.22
74.53,466.94
46.8,219.82
5.2,24.57
15.61,180.22
142.13,308.56
33.16,152.92
15.61,176.13
181.41,294.91
13.87,185.68
52,338.6
36.4,207.53
466.27,1108.65
22.53,173.4
11.7,180.22
19.07,92.84
66.32,191.14
26,84.65
36.4,211.62
10.4,60.07
31.2,248.49
19.51,128.34
19.51,169.3
31.2,185.68
38.13,225.28
27.73,167.93
9.75,141.99
56.57,157.01
134.6,425.98
197.6,617.13
7.8,125.61
53.73,349.52
22.53,188.41
146.3,207.53
13.87,322.22
62.42,135.17
133.47,208.89
17.56,161.11
40.96,387.07
19.51,151.55
17.33,151.55
26,81.92
32.93,200.7
10.4,226.64
20.8,176.13
20.8,147.45
27.73,196.61
17.56,204.8
5.2,90.11
299.87,933.89
29.47,114.69
26,207.53
24.27,157.01
13.87,152.92
54.62,187.05
124.8,299.01
39.87,262.14
31.2,193.87
43.33,152.92
9.75,122.88
26,229.37
6.93,215.72
175.56,442.37
220.13,1277.95
25.36,159.74
73.15,402.28
7.8,124.24
29.47,244.39
6.93,103.76
101.43,356.35
29.47,163.84
27,204.8
79.73,748.2
58.93,344.06
122.89,413.69
9.75,143.36
17.33,163.84
10.4,101.03
10.4,57.34
228.23,562.52
8.67,187.05
1.73,161.11
10.4,147.46
1.73,57.34
9.75,148.82
24.27,65.53
45.07,274.43
17.56,157.01
29.47,258.05
24.27,221.18
31.2,238.93
22.53,176.13
13.87,537.94
5.2,152.92
13.87,124.24
22.53,174.76
26,163.84
78.03,320.85
130,436.9
7.8,118.78
237.98,380.93
146.3,202.07
5.2,62.8
29.47,176.13
14.4,120.15
19.51,151.55
29.47,193.87
10.4,125.61
52.67,95.57
24.27,178.86
265.2,742.74
729.55,1346.22
26,87.38
177.51,480.6
20.8,182.95
26,71
5.2,84.65
26,207.53
31.2,300.37
13.87,147.45
117.04,87.38
5.85,136.53
170.68,122.88
135.2,263.51
5.85,188.41
224.33,382.97
58.52,262.14
20.8,207.53
32.93,249.85
52,5.46
45.07,185.68
27.73,282.62
27.73,159.74
7.8,140.63
146.3,266.24
27.73,169.3
33.16,294.91
78,141.99
13.87,110.59
22.53,87.38
93.63,667.65
312.11,319.49
70.22,382.97
244.4,791.89
270.4,841.04
11.7,191.14
146.3,266.24
29.26,8.19
13.87,102.4
21.46,146.09
6.93,46.42
13.87,95.57
3.47,117.42
31.2,241.66
58.52,54.61
147.33,447.83
120.94,378.2
551.2,1720.32
31.2,141.99
91.68,464.89
12.13,79.19
10.4,191.15
218.47,524.29
45.07,259.41
5.2,151.55
24.27,240.3
29.26,19.11
99.48,339.97
31.2,221.18
26,64.17
12.13,147.45
20.8,184.32
130,376.83
36.4,196.61
11.7,135.17
55.47,196.61
17.33,212.99
13.65,111.96
130.69,425.98
58.52,136.53
213.2,638.97
26,75.09
674.93,333.14
27.73,133.8
132.65,131.07
8.67,169.3
31.2,409.6
10.4,125.61
26,143.36
20.8,144.72
19.07,221.18
17.33,193.88
31.2,277.16
29.26,19.11
43.33,281.26
46.82,497.66
68.27,289.45
56.57,159.74
25.2,204.8
26,262.14
5.2,16.38
13.87,121.51
15.6,147.45
109.24,314.03
29.47,174.76
58.52,262.14
26,196.61
27.31,167.94
20.8,155.65
26,61.44
109.2,1217.87
145.6,364.54
395.2,671.74
208,469.67
25.2,132.44
45.07,330.41
279.07,628.05
104,933.89
111.19,544.77
52,376.83
31.2,163.84
26,84.65
300.4,461.48
31.2,258.05
36.4,649.9
29.26,5.46
17.56,161.11
10.4,136.53
17.33,141.99
52,425.98
29.26,2.73
32.93,151.55
32.93,141.99
37.06,184.32
134.6,454.65
130,446.46
3.47,65.53
8.67,121.51
9.75,397.31
1.73,135.17
43.33,259.41
479.86,1079.29
15.61,169.3
17.33,177.49
26,125.61
191.17,638.97
56.57,133.8
13.87,540.67
136.55,499.71
29.47,140.63
12.13,139.26
32.93,400.04
58.52,185.68
7.8,111.96
126.79,339.97
35.11,176.13
26,49.15
36.4,196.61
232.27,824.66
170.68,122.88
31.2,212.99
27.73,196.61
10.4,157.01
62.4,420.52
31.2,344.06
48.77,122.88
26,180.22
15.6,125.61
54.62,188.41
20.8,210.26
26,290.81
187.26,753.66
29.47,203.43
33.16,309.25
69.33,851.97
24.27,102.4
46.8,244.39
13.87,81.92
27.73,181.59
104,999.42
31.2,144.72
31.2,256.68
29.47,196.61
29.47,305.83
130,342.7
13.87,368.64
33.16,208.89
27.73,251.22
216.67,2288.3
26,107.86
103.39,346.79
31.2,232.1
19.51,182.95
9.75,64.17
150.2,318.12
15.61,200.7
128.27,409.6
12.13,43.69
163.86,337.24
5.85,95.57
195.07,682.67
43.33,278.53
117.04,111.96
177.51,589.82
71.07,38.23
43.33,264.87
117.04,177.49
15.6,178.86
48.77,360.45
10.4,109.23
17.56,230.74
6.93,114.69
1.73,43.69
704.19,294.91
221.87,211.62
26,83.28
9.75,155.65
551.2,1720.32
9.75,158.38
195.07,304.47
144.35,114.69
5.2,114.69
32.93,151.55
206.91,266.24
68.27,401.41
17.33,218.45
41.6,230.74
38.13,720.89
26,60.07
383.07,1370.79
36.4,241.66
56.57,188.41
29.26,19.11
68.27,364.54
31.2,143.36
105.34,382.29
117.87,360.45
32.93,169.3
9.75,169.3
6.93,131.07
10.4,151.55
36.4,349.52
173.61,682.66
97.53,319.49
239.2,473.77
10.4,163.84
27.73,152.92
29.47,188.41
197.02,409.6
28.8,158.38
36.4,158.38
175.56,311.29
71.07,234.84
48.77,38.23
26,65.54
5.2,202.07
20.8,200.7
11.7,163.84
146.3,266.24
22.53,184.32
81.47,223.91
58.52,163.84
480.13,693.59
120.94,323.58
15.61,122.88
43.33,249.85
192.4,622.59
31.2,240.3
21.46,191.14
19.51,167.94
142.13,245.76
58.52,131.07
117.04,80.55
117.04,118.78
50.27,412.33
26,80.55
27.73,297.64
29.47,192.51
5.2,114.69
12.13,120.15
327.6,587.09
3.47,30.04
48.53,270.33
29.47,182.95
31.2,163.84
146.3,266.24
120.94,368.64
10.4,139.26
17.56,135.17
17.56,181.59
19.51,173.4
204.82,318.12
29.47,196.61
130,390.48
26,51.88
17.33,180.22
29.47,211.62
147.33,300.37
170.68,122.88
143.87,354.98
26,311.29
17.56,146.09
29.26,16.38
21.46,207.53
60.47,155.65
170.68,122.88
52,211.62
110.93,367.27
17.33,90.11
20.8,177.49
147.33,248.49
5.85,51.88
161.91,376.83
10.4,120.15
10.4,21.84
22.53,282.62
58.52,84.65
12.13,65.54
146.3,266.24
3.47,38.23
170.68,122.88
190.67,753.66
13.87,169.3
26,126.97
31.21,192.51
31.2,290.81
170.68,122.88
36.4,202.07
24.27,167.94
15.61,192.51
31.21,151.55
52,202.07
175.56,431.44
20.8,214.35
27.73,131.07
104,1916.93
26,188.41
117.04,113.32
13.65,193.88
118.99,364.54
97.53,353.62
27.73,329.04
15.6,32.77
13.65,178.86
26,64.17
53.73,398.68
27.73,285.35
3.47,101.03
55.47,327.68
27.31,229.37
56.57,329.73
29.47,131.07
66.32,346.11
58.52,122.88
62.42,374.1
28.8,140.63
5.85,21.84
83.88,417.79
29.47,181.59
58.52,155.65
26,69.63
27.73,191.14
130,364.54
138.67,286.72
275.04,409.6
32.93,163.84
31.2,208.89
3.9,133.8
50.72,155.65
10.4,38.23
9.75,188.41
24.27,128.34
26,204.8
17.56,177.49
83.88,371.37
19.51,143.36
48.77,331.77
45.07,241.66
26,155.65
109.2,196.61
170.68,122.88
146.3,266.24
686.63,398.68
146.3,266.24
177.51,491.52
41.6,155.65
31.21,5.46
175.56,546.13
461.07,1867.77
3.9,101.03
5.85,158.38
29.47,181.59
175.56,259.41
100.53,180.22
20.8,90.11
20.8,65.53
45.07,294.91
24.27,173.4
145.6,215.72
20.8,129.71
60.47,232.1
52,311.29
107.29,327.68
1.95,101.03
27.73,199.34
5.85,126.97
170.68,122.88
26,136.53
31.2,229.37
29.47,719.53
179.46,361.81
10.4,169.3
54.62,163.84
31.2,192.51
209.73,622.59
31.21,117.42
13.87,125.61
19.51,195.24
20.8,159.74
265.2,1288.87
5.85,133.8
31.2,259.41
204.82,318.12
17.33,182.95
89.73,375.47
58.52,128.34
79.98,331.77
146.3,101.03
10.4,87.38
31.21,162.47
15.6,121.51
15.6,262.14
220.13,1294.33
140.45,360.45
162.93,378.2
175.56,404.14
6.93,101.03
11.7,139.26
22.53,184.32
15.6,135.17
13.65,163.84
43.33,225.28
87.78,364.54
12.13,162.47
33.16,350.21
39.87,155.65
123.07,192.51
117.04,107.86
187.26,513.36
135.2,379.56
56.57,196.61
35.11,324.95
32.93,196.61
95.58,327.68
45.07,294.91
551.2,1720.32
22.53,141.99
20.8,166.57
29.26,105.13
22.53,163.84
146.3,266.24
698.34,368.64
109.2,966.65
26,241.66
22.53,148.82
135.2,173.4
97.07,442.37
676.88,344.06
230.53,404.14
17.33,159.74
26,141.99
78.03,315.39
31.2,243.03
10.4,27.31
10.4,38.23
39.01,294.91
120.94,96.94
15.6,184.32
197.02,491.52
142.13,251.22
52,81.92
15.6,125.61
22.53,232.1
26,203.43
221.87,682.66
27.73,141.99
175.56,286.72
117.04,148.82
170.68,122.88
42.91,172.03
175.56,469.67
1.73,90.11
15.6,87.38
9.75,73.73
31.21,32.77
183.36,573.44
127.49,362.79
19.07,125.61
462.8,1097.73
135.2,182.95
520,955.73
10.4,125.61
117.87,184.32
149.07,405.5
52,354.99
5.2,163.84
7.8,132.44
26,144.72
29.47,237.57
9.75,210.26
195.07,464.21
17.33,73.73
52,420.52
686.63,385.02
117.04,98.3
19.07,141.99
36.4,273.07
187.26,518.83
211.47,884.74
26,88.74
15.6,169.3
26,61.44
11.14,181.39
21.46,177.49
29.47,225.28
8.67,16.38
20.8,159.74
26,75.09
53.73,49.15
7.8,181.59
189.21,349.52
55.47,233.47
41.6,148.82
173.61,185.68
170.68,122.88
13.87,172.03
5.85,114.69
115.09,346.79
126.79,357.71
20.8,163.84
26,53.25
208,791.89
218.47,473.77
9.75,159.74
52,551.59
15.6,102.4
57.2,294.91
17.33,94.21
13.65,126.97
234.08,585.73
117.04,465.58
20.8,199.34
29.26,583.68
10.4,139.26
31.2,253.95
8.67,200.7
17.56,158.38
146.3,266.24
15.61,255.32
9.75,200.7
117.04,102.4
6.93,132.44
104,901.12
19.07,170.66
36.4,382.29
58.52,147.45
95.58,345.43
72.17,303.1
26,202.07
55.47,281.26
31.2,248.49
239.93,617.13
17.56,181.59
27.73,217.09
198.97,258.05
20.8,122.88
26,185.68
134.6,462.85
214.57,1212.41
74.13,218.45
5.85,193.88
7.8,40.96
64.37,368.64
20.8,176.13
67.6,453.29
52,137.9
17.33,161.11
418.89,218.45
31.2,202.07
41.6,245.76
10.4,38.23
39.87,211.62
31.21,126.97
15.61,120.15
48.53,241.66
107.29,323.58
26,191.15
27.73,147.45
31.2,223.91
170.68,122.88
138.5,450.56
5.85,152.92
9.75,163.84
33.16,196.61
7.8,133.8
17.33,158.38
24.27,165.2
12.13,117.42
138.67,236.2
175.56,393.21
170.68,122.88
22.53,128.34
119.6,202.07
36.4,196.61
36.4,327.68
36.4,218.45
130,339.97
187.26,253.95
310.27,617.13
140.4,232.1
83.88,450.56
13.65,144.72
282.85,486.06
101.43,574.8
146.3,184.32
26,68.26
74.53,447.83
12.13,101.03
26,131.07
13.65,199.34
19.51,159.74
22.53,192.51
29.47,212.99
136.93,222.55
204.82,303.1
17.56,43.69
7.8,169.3
202.87,688.13
212.62,412.33
7.8,125.61
56.57,177.49
29.47,211.62
29.26,76.46
247.87,666.28
3.47,62.8
17.33,293.54
10.4,49.15
204.82,458.75
296.4,720.89
26,161.11
35.11,146.09
19.07,133.8
29.47,240.3
31.2,131.07
9.75,121.51
52,207.53
31.21,182.95
130,356.35
48.77,282.62
329.66,402.77
93.63,535.21
191.17,404.14
43.33,258.05
29.47,212.99
6.93,273.07
6.93,21.84
26,68.26
69.33,404.14
54.62,151.55
5.85,139.26
25.2,144.72
78.03,335.87
79.98,370
3.9,76.46
32.93,244.39
161.2,177.49
10.4,16.38
175.56,264.87
179.46,469.67
22.53,150.19
9.75,135.17
31.2,270.33
27.73,188.41
83.88,404.14
146.3,266.24
36.4,172.03
36.4,174.76
89.73,354.98
31.2,184.32
146.3,266.24
56.57,182.95
69.33,322.22
15.61,174.76
7.8,166.57
22.53,151.55
117.04,120.15
20.8,133.8
25.36,177.49
27.73,226.64
195.07,316.76
29.26,155.65
181.41,450.56
27.73,249.85
7.8,148.82
26,98.3
45.07,222.55
104,950.27
135.2,273.06
5.2,54.61
93.63,367.27
29.26,188.41
27.73,166.57
146.3,266.24
15.61,176.13
175.56,442.37
15.6,128.34
58.52,136.53
175.56,307.2
36.4,169.3
15.6,16.38
26,68.26
286,1037.65
32.93,188.41
218.4,797.35
26,141.99
31.2,147.46
118.99,144.72
32.93,139.26
9.75,184.32
64.37,165.2
17.56,162.47
149.07,245.76
17.56,181.59
13.87,163.84
10.4,10.92
26,98.3
143.87,182.95
26,148.82
76.27,409.6
17.33,174.76
23.41,196.61
26,84.65
105.34,410.96
17.33,84.65
26,53.25
31.2,166.57
19.51,189.78
175.56,263.51
36.4,248.49
126.53,563.88
35.11,407.55
6.27,150.67
110.93,258.05
110.93,234.83
5.85,151.55
112.67,233.47
31.2,180.22
29.26,32.77
12.13,330.41
17.56,192.51
19.07,181.59
144.35,412.33
12.13,341.33
10.4,81.92
58.52,174.76
15.61,197.97
12.13,126.97
26,240.3
5.85,163.84
8.67,121.51
13.87,132.44
19.51,196.61
8.67,163.84
10.4,116.05
10.4,95.57
19.07,135.17
36.4,147.45
3.47,152.92
31.21,206.16
271.14,360.45
101.43,364.54
31.2,181.59
29.47,185.68
26,53.25
31.2,187.05
35.11,226.64
93.63,346.79
26,75.09
26,173.4
20.8,152.92
11.7,181.59
36.4,217.09
9.75,128.34
13.87,480.6
105.34,318.12
45.07,233.47
130,303.1
24.27,159.74
170.68,122.88
10.4,101.03
7.8,161.11
20.8,49.15
26,80.55
10.4,62.8
191.17,524.29
41.6,274.43
117.04,147.46
5.2,54.61
36.4,333.14
58.52,169.3
74.13,313.34
6.93,62.8
111.19,397.31
5.85,196.61
150.2,367.27
58.52,161.11
149.07,326.31
208,1212.41
50.72,184.32
13.65,88.74
22.53,197.97
22.53,200.7
36.4,289.45
19.07,125.61
17.56,159.74
5.85,21.84
17.33,206.16
50.72,382.97
132.65,341.33
27.73,199.34
5.85,155.65
17.33,345.43
43.33,266.24
682.73,322.22
15.61,210.26
27.73,270.33
10.4,101.03
24.27,98.3
48.53,264.87
12.13,125.61
52.67,147.46
26,204.8
13.65,162.47
46.8,294.91
10.4,152.92
25.36,182.95
48.77,199.34
179.46,546.13
15.6,128.34
26,73.73
13.65,172.03
64.37,325.63
58.52,150.19
122.89,91.48
177.51,305.83
478.4,589.82
35.11,150.19
173.61,420.52
31.2,281.26
78,486.06
12.13,166.57
29.47,219.82
133.47,307.2
117.04,102.4
22.53,222.55
62.4,851.97
17.33,176.13
10.4,87.38
136.55,473.77
31.2,139.26
1.95,188.41
17.56,226.64
17.33,117.42
27.73,165.2
5.85,129.7
52,147.45
60.67,360.45
36.4,245.76
50.72,382.97
170.68,122.88
17.56,238.93
15.6,150.19
58.52,163.84
117.04,122.88
26,65.53
19.07,163.84
9.75,170.66
62.42,191.15
117.04,126.97
19.07,87.38
24.27,126.97
26,163.84
5.2,144.72
156.05,404.14
29.47,218.45
12.13,68.26
11.7,207.53
19.07,110.59
17.33,114.69
12.13,141.99
170.68,122.88
43.33,252.58
12.13,327.68
24.27,166.57
177.51,464.21
32.93,230.74
10.4,103.77
20.8,181.59
48.53,285.35
11.7,21.84
5.85,109.23
58.93,281.26
41.6,245.76
27.73,133.8
36.4,249.85
2470,491.52
170.68,122.88
58.52,125.61
11.7,214.35
46.8,333.14
48.53,120.15
81.47,223.91
9.75,120.15
7.8,173.39
29.47,232.1
25.2,203.43
19.07,199.34
20.8,125.61
211.47,405.5
10.4,270.33
22.53,114.69
175.56,237.57
218.4,737.28
26,64.17
52,431.44
185.31,294.91
12.13,251.22
54.62,140.63
39.87,218.45
32.93,176.13
182,644.44
13.87,155.65
26,212.99
146.3,266.24
26,54.61
112.67,212.99
218.4,628.05
5.85,139.26
32.93,262.14
263.34,375.46
36.4,218.45
26,49.15
31.2,172.03
15.6,139.26
26,237.57
8.67,144.72
2399.4,1639.76
32.93,243.03
29.26,87.38
26,88.74
31.2,172.03
31.21,181.59
19.07,161.11
15.61,166.57
3.47,10.92
26,57.34
310.27,570.71
71.07,305.83
175.56,262.14
182,841.04
46.8,797.35
21.46,185.68
154.66,354.01
26,71
7.8,200.7
170.68,122.88
26,147.45
130,327.68
26,55.98
62.4,316.76
31.2,228.01
6.93,32.77
19.51,167.94
26,55.98
198.97,230.74
52,207.53
130,315.39
48.77,54.61
175.56,316.76
9.75,184.32
55.47,174.76
31.2,196.61
189.21,397.31
179.46,491.52
17.33,141.99
36.4,196.61
54.62,158.38
34.67,207.53
45.07,256.68
29.47,197.97
5.85,180.22
452.4,294.91
26,92.84
19.07,184.32
170.68,122.88
19.07,189.78
34.67,240.3
26,65.53
27.73,271.7
58.52,147.46
114.4,386.39
9.75,241.66
130,312.66
105.34,320.85
15.6,135.17
6.93,253.95
26,62.8
9.75,126.97
29.26,229.38
118.99,344.06
26,141.99
126.53,364.54
117.04,86.01
113.14,364.54
11.7,189.78
17.56,155.65
175.56,334.51
10.4,124.24
7.8,507.9
50.27,288.08
19.07,135.17
5.2,88.74
104,933.89
29.26,87.38
22.53,173.39
20.8,187.05
13.87,118.78
31.2,289.45
52,338.6
52,245.76
12.13,273.07
22.53,158.38
26,76.46
102.27,141.99
53.73,633.51
45.07,303.1
31.2,161.11
24.27,143.36
21.46,180.22
170.68,122.88
24.27,162.47
144.35,438.27
132.65,354.3
12.13,139.26
367.47,1245.18
17.33,147.45
34.67,238.93
20.8,146.09
19.07,177.49
112.67,218.45
34.67,237.57
27.73,158.38
10.4,32.77
34.67,86.47
26,86.01
117.04,131.07
57.2,241.66
26,146.09
32.93,289.45
53.73,324.95
197.6,413.69
20.8,126.97
5.85,136.53
68.27,362.49
29.47,207.53
25.2,131.07
414.27,890.19
1.73,65.54
24.27,147.46
21.46,236.2
19.51,174.76
53.73,303.1
17.56,180.22
286,649.9
19.07,159.74
8.67,131.07
10.4,81.92
227.07,638.97
179.46,357.71
132.65,383.66
26,197.97
218.4,802.81
27.73,167.93
5.85,161.11
20.8,143.36
35.11,169.3
36.4,278.53
37.06,294.91
7.8,57.34
17.56,191.14
60.47,270.33
142.4,117.42
32.93,253.95
3.47,180.22
20.8,117.42
126.79,430.08
7.8,147.46
28.8,204.8
22.53,155.65
214.93,595.28
15.6,136.53
10.4,65.54
20.8,84.65
50.27,172.03
97.07,447.83
5.2,16.38
140.4,245.76
62.42,176.13
19.07,165.2
21.46,200.7
6.93,174.76
13.87,131.07
26,53.25
265.29,350.89
8.67,163.84
10.4,54.61
117.04,133.8
22.53,124.24
17.33,174.76
13.87,122.88
19.07,110.59
60.67,337.24
551.2,1720.32
55.47,316.76
308.21,520.19
52,159.74
29.47,247.12
17.33,87.38
5.2,212.99
258.27,666.28
29.47,172.03
26,166.57
31.2,192.51
27.73,245.76
74.13,380.93
197.02,682.66
5.85,132.44
188.93,240.3
5.85,110.59
202.87,367.27
91.68,341.33
13.65,102.4
327.6,753.66
31.2,221.18
89.73,180.22
126.79,479.23
95.58,382.29
56.57,389.12
19.07,195.24
26,147.46
1.73,27.31
19.07,139.26
273.87,961.19
22.53,200.7
200.92,319.49
10.4,5.46
17.56,192.51
220.13,993.96
10.4,208.89
3.9,86.01
166.4,376.83
104,1179.65
118.99,163.84
17.56,756.39
31.2,292.18
22.53,155.65
43.33,180.22
19.07,172.03
56.57,162.47
62.42,222.55
10.4,38.23
25.2,187.05
57.2,240.3
29.47,144.72
13.65,169.3
120.94,118.78
13.65,166.57
29.47,185.68
7.8,114.69
10.4,5.46
31.2,237.57
124.84,363.18
170.68,122.88
56.57,157.01
27.73,184.32
26,159.74
197.6,208.89
104,1179.65
1.73,147.45
146.3,266.24
38.13,442.37
41.6,241.66
13.65,125.61
26,180.22
1279.08,1869.53
20.8,218.45
5.85,124.24
31.2,253.95
31.2,260.78
31.2,315.39
10.4,131.07
140.4,243.03
10.4,90.11
57.2,114.69
6.93,273.07
13.87,152.92
29.47,212.99
36.4,191.15
105.73,1026.73
26,58.71
9.75,241.66
27.73,155.65
15.6,152.92
20.8,188.41
20.8,167.93
17.33,169.3
117.04,121.51
140.4,234.84
9.75,173.4
17.56,200.7
32.93,233.47
26,76.46
58.93,223.91
7.8,113.32
31.2,243.03
58.52,196.61
43.33,318.12
79.98,398.68
21.46,162.47
135.2,180.22
32.93,221.18
10.4,90.11
26,81.92
17.33,158.38
17.56,140.63
10.4,245.76
58.93,819.2
9.75,163.84
20.8,252.58
10.4,278.53
36.4,274.43
31.2,226.64
31.2,155.65
56.57,221.18
7.8,169.3
130,333.14
20.8,135.17
13.65,84.65
11.7,202.07
17.33,71
21.46,188.41
15.6,121.51
66.32,329.04
146.3,266.24
13.65,155.65
36.4,191.15
31.21,207.53
136.93,420.52
22.53,181.59
29.47,169.3
5.2,90.11
193.12,323.58
24.27,208.89
24.27,211.62
53.73,262.14
146.3,110.59
29.26,8.19
9.75,136.53
140.4,207.53
308.21,480.6
20.8,139.26
31.21,176.13
13.87,21.84
175.56,464.21
14.63,156.52
32.93,248.49
29.47,163.84
32.93,151.55
3.9,159.74
38.13,202.07
10.4,129.71
27,136.53
336.27,993.96
3.47,143.36
29.47,170.67
115.09,567.98
31.2,152.92
146.3,266.24
251.33,802.81
10.4,166.57
