1067,756
556,409
7,1
636,140
149,437
106,2895
1286,1230
1293,540
1225,957
43,148
730,1391
23,17
2190,1238
1237,4424
758,1055
116,644
1611,1877
128,655
149,337
36,589
746,685
112,642
3042,295
46,566
247,107
9,60
456,579
55,153
52,39
1878,997
1478,1436
2924,38
541,325
182,152
1044,204
15,1023
495,302
564,726
1949,752
51,3
1077,1080
271,200
401,1293
38,7
232,555
108,302
618,478
19,34
1726,515
129,53
735,423
1399,2179
1616,3218
349,558
1059,595
87,978
980,210
20,11
17,4
169,208
378,90
4628,1109
504,248
294,473
36,462
974,432
543,1185
33,1137
309,814
440,838
156,500
362,2313
120,322
250,286
117,108
123,53
193,352
704,1566
1415,815
5,520
203,387
1596,1009
1773,819
1970,60
281,2284
148,57
594,363
119,135
75,238
2565,2101
1047,1036
11,36
1114,1044
1975,261
252,682
3,56
563,447
400,211
466,133
96,349
392,1900
124,157
1602,449
796,380
286,182
29,2694
297,197
2184,2300
431,566
631,764
1401,1573
111,460
2483,38
188,126
104,1420
9,719
44,59
159,70
933,214
1801,300
218,236
154,744
74,1710
275,213
482,21
102,179
1292,3260
395,157
361,92
1217,1192
885,263
549,295
89,380
146,379
199,110
1122,906
1222,157
656,99
358,449
526,786
1644,529
453,467
1577,2252
480,1185
308,220
180,806
995,576
477,405
667,1707
654,707
1773,510
385,241
725,1743
345,45
1180,1924
1501,722
529,1837
275,713
1752,55
691,34
601,1496
837,980
177,103
77,123
107,1478
1367,227
613,2667
98,84
8,348
989,2598
11,32
376,1798
27,627
263,1146
13,240
525,563
287,236
110,379
400,440
266,762
71,554
699,250
731,330
445,944
773,1316
4,543
712,765
42,525
548,204
145,5
209,342
457,802
789,123
104,132
167,353
13,28
311,813
874,451
241,421
5,58
262,76
91,381
8,107
269,801
1146,175
114,674
647,788
909,406
123,14
214,997
270,154
701,1375
29,1028
1594,123
1688,1085
170,161
68,664
144,213
1,531
670,108
451,1087
1350,320
146,941
169,85
122,1570
347,318
932,1075
360,623
328,448
416,201
348,563
327,638
1530,248
71,496
21,586
362,412
2061,907
353,391
2772,646
284,155
1025,1532
947,1072
30,73
804,1183
37,229
487,51
1298,76
421,2761
113,604
706,480
464,586
45,96
64,754
465,2
1681,220
2356,751
3,106
20,1160
53,49
1629,257
782,1749
514,3174
23,46
66,695
1562,737
150,114
113,350
478,276
121,205
2649,1039
77,521
343,1630
144,408
856,5
73,103
770,539
1440,3922
57,71
722,1290
348,233
742,693
2011,3157
1104,317
404,327
482,972
21,370
153,6
79,268
1502,434
537,388
764,293
1058,84
41,3
388,276
885,659
44,418
893,1088
172,1413
47,46
1393,526
653,421
217,3659
94,2110
434,1041
504,1776
3114,244
444,1285
112,228
526,107
344,33
611,124
718,466
252,8
260,266
555,863
534,3362
46,6
393,659
420,310
789,1449
475,1061
1029,463
260,168
283,289
20,817
222,110
198,702
37,2590
736,656
365,51
503,336
401,1327
186,686
1351,475
67,204
720,25
608,193
22,22
1437,2310
1335,57
98,384
140,1839
4324,298
56,957
322,1258
8,1567
202,500
721,244
596,74
141,1078
1146,67
389,78
80,21
193,1317
486,611
452,1055
644,254
185,2920
1305,79
157,170
244,993
702,243
2014,718
53,59
770,951
191,950
49,247
2178,761
97,73
572,379
337,337
3109,210
291,943
171,585
60,110
1277,371
4,469
308,1141
506,1263
2329,136
616,2602
396,1937
267,177
830,504
783,258
5,6
1764,176
1861,139
120,343
305,537
72,45
25,657
2367,55
582,4
117,1374
300,1143
2058,2272
21,49
675,1537
1109,32
903,195
78,12
485,1238
588,702
221,2351
68,15
1587,641
466,197
1093,1081
133,1729
122,63
31,502
743,354
883,297
148,651
3066,1062
167,425
307,449
1996,777
1232,713
455,1559
44,56
317,535
1363,5073
1402,208
1590,182
63,232
480,729
403,97
1286,503
79,80
753,430
431,884
208,828
161,660
1369,2462
685,612
481,1089
206,85
1810,219
434,115
173,391
418,1220
294,102
1782,352
382,783
314,827
715,1698
730,555
1060,1653
374,124
936,1706
10,131
740,455
207,331
933,641
65,99
940,20
297,2056
1856,328
382,1710
2000,241
1720,863
406,725
508,1878
51,36
154,251
656,1745
349,1087
803,24
791,491
173,181
1607,355
500,1085
894,22
874,1108
380,1242
634,1121
412,266
172,169
180,435
919,1089
793,109
323,116
249,640
558,25
1748,1162
16,916
692,456
309,400
1193,540
216,1297
844,154
1083,2302
70,204
152,94
1535,721
69,289
144,432
69,214
439,36
832,26
477,441
1463,1401
8,384
271,1
608,236
50,1284
568,747
959,1379
1020,156
310,36
66,728
885,1207
25,6
90,44
170,176
234,163
762,1016
18,1022
56,77
228,169
82,323
930,1037
2332,2106
268,12
179,146
1306,664
1021,534
252,785
1582,1892
67,3
81,1572
495,534
483,3145
227,45
1896,579
1135,390
368,455
143,243
41,82
441,408
199,226
92,28
845,449
927,849
310,4
273,164
419,98
615,504
338,321
486,942
2364,2051
237,37
24,982
1220,514
2495,65
15,1810
703,285
314,182
1048,131
639,159
1038,1135
25,781
472,363
785,1635
314,375
737,796
263,79
2044,233
317,225
463,394
77,603
114,141
289,1665
468,131
1604,89
1098,1006
676,93
195,554
47,116
575,822
733,1917
59,16
44,62
1008,370
780,1227
437,28
371,10
1081,157
706,679
19,38
529,59
92,206
486,122
619,757
351,542
353,640
26,58
183,687
34,23
425,529
1866,38
5,32
1995,1066
1929,411
205,184
798,927
387,292
868,809
83,1122
1393,27
1050,106
203,199
2560,229
37,4
157,700
434,1325
186,165
687,929
399,726
1096,70
650,1304
278,97
70,505
750,1306
19,4
144,2363
548,1869
1131,1692
449,64
9,112
1377,154
1528,716
12,10
105,206
15,5
356,1127
223,94
3272,1151
1721,278
424,1100
3640,393
975,632
34,15
325,463
1822,861
1521,892
1382,409
1217,544
359,4542
2798,176
1194,1338
1437,1397
190,223
520,159
181,381
781,246
511,373
171,584
164,15
199,92
821,475
180,913
263,550
1001,2420
577,666
1033,517
198,193
231,782
582,1013
114,77
634,1318
650,816
263,320
1133,633
797,1378
300,1016
699,848
90,605
218,436
540,580
1541,49
15,974
1211,794
870,604
25,93
42,677
518,2348
212,436
32,173
108,1276
87,111
82,263
289,824
717,134
75,32
55,262
160,403
54,96
2476,1483
100,621
3232,526
657,1010
17,2270
413,294
959,580
15,147
146,1070
1411,962
728,283
931,1586
155,227
95,3570
199,2138
1715,558
204,144
252,159
1106,514
919,1418
200,483
681,467
493,490
61,782
23,473
145,130
1745,817
1202,1340
254,27
190,176
351,65
331,261
1744,638
1068,1094
6,103
427,426
779,1095
1027,218
94,666
690,125
417,279
227,272
36,24
452,1290
11,4
1547,49
341,886
514,649
602,586
371,510
617,388
468,1471
437,555
1018,1847
439,1192
51,13
119,54
1111,509
47,98
212,448
777,739
176,41
79,453
48,470
321,37
295,606
611,424
607,6
467,1161
90,187
425,525
260,737
26,224
368,358
290,78
656,604
146,212
643,1186
458,708
61,1613
511,53
51,32
27,201
737,695
267,2
29,340
651,390
293,566
34,50
25,37
2779,520
1688,766
176,672
675,1029
860,1983
421,390
52,1714
419,2263
731,2997
2787,693
2410,1188
292,63
51,249
209,212
26,57
229,194
687,295
1984,890
658,1705
45,1
60,1834
858,2294
3210,1768
1766,1552
747,1261
200,424
17,76
294,1658
13,596
12,140
392,950
1123,114
233,569
79,493
214,135
1240,1030
636,891
1933,663
65,567
558,104
989,182
38,48
433,264
69,221
169,1009
282,54
179,52
463,116
562,1392
675,811
4,488
356,264
1525,1836
44,258
234,1036
164,47
66,9
17,302
197,2511
758,1308
985,2102
540,125
150,1040
4,82
666,269
228,1232
196,472
38,315
157,611
90,739
383,1180
924,612
2770,4174
827,674
7,6
134,1235
93,330
56,181
927,376
1872,845
579,180
1201,979
1318,1704
18,430
293,57
717,1431
1475,613
1606,1218
227,1139
1244,465
68,12
138,924
957,1539
13,75
37,52
22,202
1349,329
403,1498
359,997
637,663
240,646
19,201
212,152
222,981
359,380
19,8
399,4744
739,2984
38,102
547,1289
92,309
295,423
2134,1721
308,62
80,67
1891,346
11,5
1539,744
1495,1978
692,70
143,100
141,1230
799,496
1051,392
450,2654
64,224
462,848
1145,300
562,269
1280,587
209,870
251,707
1778,1371
103,43
659,2681
135,666
729,1089
614,197
415,480
71,561
2099,93
30,29
176,1450
33,19
8,1162
142,88
1496,184
216,287
526,330
28,316
854,1693
169,672
234,167
1221,243
553,156
241,540
425,31
384,453
199,628
149,1139
1108,2534
113,150
86,310
55,53
339,371
11,690
5,52
198,79
1018,134
80,231
393,590
102,980
1157,1600
205,615
1334,770
523,793
153,784
8,63
147,709
355,310
156,124
42,783
292,926
6,97
164,52
1178,224
1643,3121
2373,385
65,533
1021,2630
240,497
240,6
51,3
300,578
379,62
648,3171
62,30
136,49
133,2507
467,377
110,590
3021,1220
1096,1223
191,232
95,119
136,65
2856,734
2328,146
855,40
135,466
74,44
2087,55
414,880
18,294
176,199
96,163
321,719
369,612
142,65
1642,238
702,410
244,645
460,85
22,14
74,226
894,390
793,355
240,238
189,1404
957,277
50,3240
280,491
578,2086
21,14
672,1185
582,805
1161,1767
1930,2016
755,686
13,59
1657,1205
263,87
171,575
177,103
81,677
174,148
88,283
292,613
197,41
545,394
703,1888
400,514
517,184
39,21
895,711
1025,185
94,149
3187,1014
564,213
1558,148
335,194
6,141
191,115
1576,252
121,448
1900,1774
182,1023
228,176
655,146
490,310
2623,276
765,1217
108,210
162,1445
16,1931
560,506
83,32
1262,1545
1798,1257
161,114
50,78
1346,1880
1060,492
33,33
842,1793
1210,206
276,13
1314,1822
521,891
795,802
29,103
276,209
2356,785
1328,1161
93,166
137,1422
287,188
1923,1613
894,526
24,121
196,981
796,165
1888,2215
326,142
252,122
265,1187
323,728
720,292
1155,510
551,162
163,29
232,85
837,52
622,46
558,81
365,817
52,2189
466,407
1266,440
679,209
1704,640
154,376
880,699
146,383
48,574
1863,192
611,363
50,12
378,718
326,1120
976,1508
777,502
208,1083
263,614
59,701
835,186
371,1637
336,1788
161,1656
2011,85
346,511
2240,937
22,867
93,41
1819,745
52,81
55,47
494,170
507,234
127,134
754,94
61,22
206,1616
841,318
172,223
80,975
61,9
578,79
380,256
64,215
94,458
41,48
612,223
553,454
52,314
156,1155
1631,1162
371,621
237,290
459,829
162,508
1989,1388
213,1491
101,129
7,894
917,846
42,52
2293,2325
87,358
1507,1842
280,60
275,604
302,946
251,383
70,547
37,43
68,358
649,144
33,1706
194,566
2646,7172
8,109
1711,662
292,952
381,425
1731,700
1305,931
24,342
131,1386
828,371
174,692
993,1202
50,83
489,1901
102,234
1629,2185
1264,1555
56,601
205,751
1524,167
892,486
104,56
163,727
790,583
634,198
150,382
36,49
210,682
424,999
103,200
141,646
1117,1351
187,89
9,24
1102,461
1141,2254
77,283
2969,275
206,1347
902,749
236,589
998,1560
126,800
94,616
273,327
76,83
164,562
2355,2129
107,134
257,478
256,73
167,114
88,740
459,548
811,190
960,1333
829,1655
16,46
426,107
109,881
1615,126
1349,1074
756,149
701,620
156,4523
723,350
169,283
3399,616
988,87
1084,345
1177,1997
581,362
641,95
135,220
37,41
719,1699
1981,123
60,82
1596,542
2064,2879
40,118
19,100
2,37
122,152
49,34
545,317
188,177
592,65
656,147
459,205
10,374
31,148
608,1281
22,184
349,1128
620,241
695,685
138,443
229,1421
2301,153
223,4367
20,500
356,535
617,2838
1150,550
104,81
241,570
369,2840
240,123
624,2048
75,306
392,608
778,1712
5,60
307,70
120,765
1307,2689
2502,118
376,38
913,2796
155,179
3240,422
908,957
464,560
76,25
81,306
1096,510
655,178
373,406
756,19
3052,1541
1394,760
743,685
220,238
343,829
41,496
214,126
719,131
190,267
74,528
510,1609
152,185
1540,20
280,172
878,619
68,86
1455,381
490,298
1871,2543
646,192
119,90
88,279
29,111
691,146
622,204
205,1667
817,790
952,436
779,1027
485,59
329,187
183,520
69,410
14,263
646,1750
215,415
180,753
650,467
264,427
191,502
87,543
214,1482
312,320
1099,728
117,686
143,325
1090,1096
174,738
514,893
77,73
164,518
280,1353
320,454
59,153
521,1600
942,117
202,135
201,34
2507,7
36,63
10,590
806,143
2211,80
68,1675
427,154
792,172
91,71
841,304
352,154
1070,76
1320,317
546,574
57,2
238,944
810,60
75,258
333,65
878,1086
365,21
32,585
257,139
27,3773
519,560
31,42
1745,2361
797,2314
57,942
216,974
790,879
73,1947
1240,179
297,84
433,3263
50,694
301,67
396,555
640,37
4068,2309
281,394
437,1108
46,496
672,543
68,479
379,516
95,599
2254,257
901,123
227,3
812,55
308,11
93,71
1998,474
244,812
292,313
318,560
972,445
1125,191
1319,1281
32,119
32,18
10,234
308,381
579,1614
179,96
247,534
116,1114
247,1209
409,230
196,13
85,234
533,476
493,147
2776,3396
1029,1297
1738,736
1069,1736
935,415
10,590
46,2786
498,87
1679,3592
1023,554
37,4
901,55
765,636
1013,293
499,1366
1180,992
1192,532
936,410
882,39
186,473
22,258
641,132
588,762
2566,114
2558,189
169,352
16,71
181,377
208,233
15,210
139,291
43,601
231,1180
691,1414
1640,304
416,600
853,1719
61,86
1870,179
316,885
1138,538
40,96
444,874
2,97
306,604
586,1035
334,95
1340,1465
118,111
499,53
130,163
913,1421
1949,56
201,1134
1929,33
2,67
2077,161
792,2532
814,313
85,79
181,1408
1176,970
336,69
34,41
72,2253
226,294
195,706
131,88
351,562
1067,923
693,57
829,457
33,92
1230,217
285,66
749,816
397,1799
4426,307
87,274
746,346
16,13
661,1598
252,1953
286,191
19,680
107,245
1017,515
336,1134
604,1700
18,1322
201,102
353,242
776,586
1383,468
43,504
1307,49
1505,260
215,733
206,783
798,26
83,32
1592,1301
1241,973
7,38
236,277
577,210
373,343
35,379
141,98
63,477
1877,704
343,1000
2310,345
154,497
21,9
1263,815
156,475
412,254
948,268
176,8
1151,1735
857,367
1410,2446
202,221
848,179
3361,124
1,51
273,2670
266,348
858,1594
1665,1984
75,23
55,314
131,156
51,1036
519,1226
46,7
53,63
756,1964
694,1145
777,1890
1151,538
852,1024
482,2507
480,842
160,272
809,1975
164,740
831,969
21,37
173,145
1006,2954
726,434
518,1959
130,1058
2349,828
327,594
592,2022
106,174
731,797
175,64
616,1056
299,436
96,117
857,708
1329,1225
256,1220
1170,2158
1691,851
1919,530
338,394
63,2019
348,71
14,27
275,1449
158,744
828,1709
141,188
259,210
949,38
38,74
689,159
154,55
241,1336
253,462
225,80
324,1161
1457,709
737,708
777,160
22,182
277,112
1647,579
137,2612
73,286
104,71
71,430
829,178
356,226
296,312
274,1828
543,192
4260,778
2849,934
134,181
32,25
315,69
6,14
387,2167
166,373
290,41
133,169
1073,59
65,120
135,59
65,437
276,158
208,436
894,828
626,782
485,1399
108,84
506,579
716,2311
1406,549
778,75
749,575
691,596
390,317
207,90
1129,104
117,174
2897,80
788,313
55,90
33,245
659,1539
23,78
641,289
30,27
25,3068
56,11
39,116
224,2185
142,98
983,22
477,936
247,366
687,497
255,241
1890,1060
632,1647
2091,387
83,234
52,673
88,48
250,194
398,287
311,12
180,154
179,18
1930,851
1182,799
1414,217
978,1256
777,858
97,1237
184,644
533,1813
779,665
96,230
1181,30
1219,276
1310,985
5,555
1097,128
1275,463
394,839
2001,257
1744,1177
1102,2452
552,353
177,219
10,369
244,1289
2011,2653
15,110
336,636
36,5
165,2315
6,14
291,185
280,274
1033,714
66,521
281,51
52,98
128,196
23,368
10,99
1044,241
646,879
71,832
180,204
147,1728
1142,519
102,360
573,1022
326,441
659,481
99,46
187,75
146,142
83,22
104,99
300,1474
31,355
440,547
1484,1893
158,601
206,670
4143,450
23,185
1032,286
36,300
1173,449
103,1780
427,975
4,9
571,2966
74,1008
1807,203
3781,48
714,78
227,552
160,598
172,59
551,193
450,563
26,569
1857,106
108,146
773,347
1143,748
73,262
30,242
541,1090
40,583
47,387
2,9
112,92
743,934
2619,75
12,84
77,285
37,63
13,605
466,817
2,37
125,121
82,2
57,95
605,628
561,614
508,319
3507,2386
1488,462
2283,25
86,28
379,965
422,1173
4023,1520
2,117
595,1015
332,500
1,7
573,1044
369,290
370,79
439,58
179,220
195,1315
2928,74
30,570
1256,1316
1465,696
145,79
329,2
1861,990
32,352
154,9
806,549
146,358
304,468
1434,501
16,997
569,1234
363,349
1551,2325
769,658
86,67
1442,954
818,213
990,214
97,472
132,170
177,365
23,23
763,40
87,758
300,247
1473,1146
442,578
3937,8
3419,346
1386,2885
394,424
191,237
481,188
1098,3313
41,57
200,940
405,943
48,152
58,18
807,628
1862,337
648,523
5,21
250,373
252,195
4297,385
217,361
108,127
420,887
819,1230
2242,362
944,260
216,364
372,275
107,130
1495,1433
859,20
311,497
1590,1648
222,119
352,8
1360,2078
753,453
980,589
187,268
485,1585
692,878
68,241
552,1203
96,121
37,118
736,2173
43,657
889,1561
157,622
418,2083
293,397
95,14
324,245
601,270
151,133
244,269
674,2005
975,1159
1436,1128
1479,237
534,1082
1587,512
6,8
487,256
441,442
379,317
1535,367
805,553
52,167
25,40
22,1
290,235
25,6
8,284
674,20
174,1002
714,146
525,1062
350,73
46,81
80,278
51,119
205,1001
231,68
699,732
48,131
1382,256
284,1364
2491,3919
87,49
1338,730
91,32
26,26
2836,1442
660,61
1278,349
640,584
858,45
60,41
14,1338
69,661
680,1242
782,246
88,211
174,81
376,169
589,546
975,397
17,683
19,161
1353,894
1083,1677
1338,535
589,469
1070,708
437,1345
431,94
2039,500
44,3
1466,258
107,29
885,36
21,55
804,536
1082,262
547,634
2740,1359
1217,80
209,204
86,345
299,813
161,1028
1210,1915
373,411
390,2267
982,994
37,253
454,1247
468,571
2648,209
187,165
1743,1585
658,88
750,1539
2154,938
286,27
1105,637
30,3052
16,136
1518,580
842,115
115,1223
541,404
40,374
1532,274
541,663
1640,1154
125,142
107,261
7,230
1519,153
216,123
2,33
354,875
1136,1400
1475,690
152,166
507,81
219,129
154,464
1058,1015
1009,850
998,312
255,874
802,587
50,59
347,2880
271,494
45,110
1208,1965
1501,585
311,50
170,340
1049,608
205,500
296,97
136,919
182,139
68,77
55,263
420,2111
3005,343
106,2127
49,2003
185,166
678,1321
283,593
204,435
217,914
762,17
288,75
1477,1105
86,241
71,135
1497,21
529,1103
14,14
102,28
1357,3293
699,646
466,511
14,658
1131,737
73,20
660,1412
285,154
335,1218
3539,926
237,114
28,4
744,691
99,33
1422,672
115,118
397,545
476,423
436,152
688,825
154,252
942,1653
715,200
275,589
2608,10
1,81
226,419
88,555
293,1033
168,1200
35,71
343,755
489,724
20,23
845,59
10,528
31,5
985,1022
37,185
592,564
1263,840
34,218
312,170
33,283
2739,489
1953,487
327,3090
176,3204
105,432
1181,205
185,1593
527,1255
99,429
147,91
694,675
335,619
712,1842
430,231
1818,2651
1933,794
359,561
333,848
1795,561
17,8
32,173
853,735
1356,2531
494,893
219,282
70,108
156,361
52,795
102,245
131,160
1334,114
600,4025
264,1110
901,1205
295,4123
382,353
1046,205
115,62
301,237
229,675
391,2243
154,784
180,156
129,96
483,440
308,830
642,1214
8,2223
1047,1253
1316,1408
183,81
170,209
652,1580
449,1004
1296,1796
711,1262
83,73
2201,378
659,117
2134,139
178,309
441,1036
625,2893
217,359
1898,585
86,23
2504,681
485,747
685,390
1150,211
553,659
474,1640
596,129
300,719
199,2107
854,192
92,245
369,535
274,239
1136,870
2517,824
72,92
1180,1509
2743,162
403,616
557,572
216,507
599,841
481,457
196,95
7,1874
284,1106
103,349
218,642
520,1109
440,1354
53,75
361,1399
116,85
573,64
112,1702
200,14
241,808
12,1505
455,481
31,11
655,526
87,13
1384,563
65,729
498,500
634,291
323,101
621,894
15,1251
524,1036
1,44
886,1382
155,1660
1956,786
1411,3421
92,936
623,1003
1148,847
3,182
926,18
656,114
525,1767
1584,958
1018,1972
253,112
920,15
296,194
1831,1190
427,812
75,121
226,424
42,712
418,1012
152,152
255,190
3,35
54,52
94,75
151,26
206,10
10,158
1272,3243
1853,350
2055,2160
208,100
363,2334
723,77
1015,1123
2303,1637
119,410
62,1313
88,34
262,164
301,209
2093,20
52,320
185,90
2828,995
177,611
378,1041
43,15
2601,856
871,110
1757,757
127,88
68,1
2519,225
2345,138
106,1632
85,356
716,1458
407,1197
61,684
229,78
1859,795
401,9
100,282
664,608
249,573
724,130
29,438
300,655
259,993
263,26
610,681
386,770
734,761
169,963
87,152
1240,328
217,583
131,2240
912,744
130,37
1,3
671,350
284,630
3155,46
560,28
175,759
32,464
1118,624
339,1341
1376,179
269,17
178,843
38,103
1367,519
1430,1995
228,257
459,863
484,284
791,1254
902,28
124,168
544,629
57,26
679,1466
38,22
669,214
111,37
92,92
719,382
18,16
362,878
379,551
754,909
203,50
325,92
190,424
39,289
547,1248
779,359
260,2396
786,39
831,2173
584,622
127,2358
1057,184
224,2157
6,19
366,371
876,1340
47,154
187,69
626,264
146,603
14,664
295,360
893,1358
353,1069
168,881
540,645
313,2
1828,911
916,627
149,149
39,1204
105,344
83,289
130,10
303,101
423,1218
1497,397
402,378
1384,883
558,674
582,132
620,3546
1092,1986
939,1364
241,2031
1101,1203
125,258
198,266
1120,108
360,324
570,472
594,1198
638,552
106,185
48,575
824,690
1820,436
300,29
572,132
168,135
522,181
136,293
1054,565
199,68
877,1033
1374,726
18,841
1093,555
1864,1577
889,507
469,558
932,3631
3089,1604
183,533
434,1142
134,1917
51,865
282,920
414,666
295,2164
166,392
2096,917
123,264
260,1365
542,250
51,5
1511,3545
289,276
2094,560
983,311
233,518
154,422
1280,39
468,1575
136,794
1240,1813
419,785
1382,1457
399,244
745,2331
387,320
35,28
991,816
403,191
137,2533
398,256
194,78
1068,1041
69,1176
671,1738
360,321
781,197
273,1495
703,2440
196,168
596,1235
677,165
260,235
1486,232
224,714
307,976
373,329
551,185
7,16
412,449
596,290
435,263
2597,6015
122,798
33,43
18,177
12,35
120,3111
201,810
269,89
22,1305
15,12
1620,719
14,49
228,150
3906,268
6,55
242,101
1204,2199
1836,1338
908,1221
76,4
59,22
1957,734
55,25
280,63
126,1514
716,1163
795,1404
803,385
821,179
413,283
25,32
722,752
402,935
141,235
1267,597
22,48
400,423
67,60
3571,3400
2499,273
1011,39
175,189
228,132
137,33
624,409
305,419
372,246
585,40
247,64
629,991
11,1
100,118
464,131
173,2179
1268,1385
13,9
136,154
947,1115
248,426
749,1926
1053,4185
498,41
459,2183
89,109
274,1857
257,727
85,702
472,699
633,2788
132,92
186,74
294,624
1130,2112
203,1095
35,188
347,93
298,933
543,1688
841,199
3393,532
91,747
96,1223
163,97
922,816
121,493
54,681
1797,1269
694,2382
17,506
169,211
56,35
108,1348
395,1805
163,116
450,49
677,648
211,164
487,712
1955,43
549,647
298,342
1899,2284
37,60
1081,330
1797,177
547,1702
589,2670
182,465
95,134
1556,1029
884,1128
409,1105
236,655
311,626
688,100
214,244
1599,644
98,547
409,494
421,78
412,3108
31,155
402,514
229,3189
671,1387
501,122
564,244
256,1380
1,54
116,50
189,61
726,5
703,177
2788,1151
903,582
272,166
1168,55
797,1055
1787,295
39,276
1483,741
36,169
3,3804
106,45
93,325
20,2009
82,734
1084,2142
1931,70
1749,774
43,14
534,366
90,41
4207,519
242,2162
787,224
244,615
2047,1725
882,164
294,186
436,152
6,271
404,349
184,1045
96,91
299,318
326,154
46,135
193,48
241,869
736,1387
379,958
790,4
463,824
957,1042
756,896
161,476
1540,1750
1939,338
99,64
143,1094
17,248
2366,601
185,72
95,1056
112,1741
132,250
39,428
487,67
387,447
280,117
1122,261
429,147
91,53
470,726
28,188
625,1292
54,835
109,71
73,14
22,1036
517,240
705,48
500,792
644,504
52,2493
1229,171
40,578
363,29
195,441
799,37
348,1026
341,52
657,682
5,53
1292,260
297,194
69,302
254,74
172,1671
433,710
1703,2101
243,615
657,739
734,177
49,2064
251,709
962,1307
167,52
2015,2387
363,326
851,711
163,480
2594,282
158,153
1981,316
736,104
1120,200
163,87
275,644
149,128
1176,1011
404,1216
1059,10
1208,183
650,3536
144,149
3,323
241,277
253,431
572,1918
313,496
1759,53
123,172
262,810
636,13
1162,73
481,184
132,233
2439,164
301,110
284,720
126,213
257,333
1052,444
223,145
225,126
1765,901
2086,2915
241,107
280,509
803,216
139,569
1449,383
22,6
1646,208
612,1285
21,5
187,193
225,185
27,23
91,2209
706,859
313,1423
284,1116
1169,947
979,1777
145,452
123,340
356,67
260,60
165,436
60,387
2209,1492
210,648
35,2305
388,2734
109,45
1196,1872
55,21
302,1967
183,169
176,24
236,102
286,432
182,47
1063,748
102,205
181,105
93,560
3111,665
1650,119
314,577
519,1203
259,340
378,846
436,4373
2249,1093
344,180
15,890
1461,1829
250,29
1476,1761
238,354
77,1326
167,40
545,254
626,501
1136,1436
3144,128
161,175
1171,82
143,593
258,164
240,1378
415,843
2401,424
381,162
212,515
66,389
21,921
133,230
1263,2494
1054,66
2980,71
395,691
392,148
1901,371
250,88
1299,1752
97,410
1268,383
110,62
1713,224
92,70
285,184
692,382
265,8
1580,419
185,635
1638,2377
501,941
7,104
1509,1164
39,50
390,81
40,463
249,226
1125,989
679,698
436,246
1257,681
249,361
741,82
97,31
105,494
133,32
454,114
355,2022
445,484
415,313
95,511
879,355
93,6
4,50
74,290
1109,2035
119,1341
29,105
455,22
57,170
600,477
221,399
54,1137
90,482
3148,1498
545,415
274,363
1120,32
185,171
519,1171
673,2897
1206,75
1279,151
228,371
137,592
1860,2738
432,842
98,68
113,2336
74,62
727,1388
706,326
503,548
458,142
46,377
1219,561
784,15
2089,1190
113,572
191,1009
68,265
105,591
662,522
808,170
664,2714
958,1381
104,225
46,3
371,189
123,161
217,512
582,285
150,1523
141,761
2791,234
998,151
1532,1682
2146,338
164,1943
87,229
653,582
203,585
291,80
26,366
534,509
864,346
313,1500
475,707
37,184
3328,2265
55,889
489,1429
208,826
1225,73
1770,393
1928,1075
249,916
199,3241
196,635
448,176
134,904
615,828
20,223
2040,246
2223,690
519,257
3030,4123
355,257
154,61
166,140
1895,804
1709,457
26,261
303,145
1825,2538
51,10
205,113
172,370
96,2542
1626,883
544,186
344,355
872,861
12,57
22,93
1642,227
395,2540
877,1976
764,160
1076,745
649,24
339,857
898,261
541,677
1,554
276,660
1046,953
1353,3173
275,552
295,231
5,64
2483,1389
158,299
1672,29
14,131
548,703
195,518
183,958
311,399
284,53
367,346
42,158
729,1093
82,52
689,46
860,193
512,1001
149,422
555,1680
644,1421
420,134
729,918
761,1358
150,830
2609,2638
369,2084
551,409
417,223
400,919
352,295
18,132
515,568
442,373
1433,427
311,2426
3674,1027
16,1669
2268,1057
114,49
155,455
1182,1325
197,246
320,545
373,316
1231,412
600,1435
506,513
708,809
42,108
439,265
1104,1246
377,375
78,360
1136,1123
2874,1461
24,1162
131,965
1451,4037
189,245
451,618
78,142
90,525
1562,1544
195,549
239,1708
99,35
662,843
329,726
569,2676
379,6
1038,291
28,43
683,2093
618,1383
109,241
1487,987
2995,706
72,247
224,854
96,229
492,501
1986,883
3067,314
4,9
801,242
171,196
299,899
36,52
169,199
387,590
13,13
1870,13
156,275
382,252
7,646
938,206
376,351
1122,1727
224,1948
251,285
36,45
3073,2533
120,35
1040,151
989,13
601,1067
68,329
593,332
249,70
44,160
197,6
384,198
333,1067
58,110
51,85
45,2249
871,918
128,283
278,675
170,372
1484,1454
213,28
600,412
2893,422
358,565
82,155
859,1556
758,606
197,481
3214,249
730,638
545,1588
20,102
802,387
80,2
522,527
1028,8
6,18
251,487
496,849
225,2030
625,470
215,65
449,1566
571,1514
171,1382
649,190
934,823
1260,912
302,1094
377,508
150,291
471,474
113,1393
523,204
1531,74
340,263
567,600
289,591
2423,502
46,337
3,57
27,796
38,225
601,307
165,171
2271,132
371,104
337,351
2738,14
1755,479
87,57
334,319
1108,98
376,912
664,701
681,217
12,162
39,177
644,775
337,364
494,902
1241,300
267,4
304,2533
4,854
519,351
142,1016
1114,991
378,834
1001,808
1012,207
472,585
1570,239
240,35
1544,129
1763,1221
3675,434
416,108
121,281
2133,649
45,391
28,23
3,278
316,1324
224,952
76,2
266,590
1145,162
171,186
225,96
20,101
1200,450
13,1219
1213,803
1030,582
1532,499
405,10
127,1781
115,1064
298,338
136,445
760,1373
1449,778
154,1117
438,336
2927,553
140,643
1751,157
585,704
53,65
8,322
97,1816
313,358
1169,773
1051,355
33,194
22,54
314,93
1049,1329
62,81
841,384
597,69
785,664
34,790
855,184
284,389
574,612
718,76
1832,86
11,2
206,18
84,595
995,224
349,88
12,183
235,343
39,15
199,1092
1734,810
487,132
621,249
953,790
565,267
9,865
1581,569
483,197
1821,1064
107,124
1330,526
54,5407
194,1136
171,106
1446,318
469,424
232,1127
1144,2994
2307,162
72,442
192,2672
982,1619
64,459
2367,774
357,448
28,41
1138,321
212,42
1117,2395
325,982
147,189
316,114
497,238
273,345
685,1288
1410,99
524,606
161,169
119,18
383,32
1685,998
399,610
8,277
80,191
93,1148
235,1446
140,186
1064,668
306,517
650,1082
109,41
408,345
161,173
542,507
550,1294
556,633
728,473
588,261
519,1155
17,430
1731,176
151,14
416,86
4207,88
569,74
218,368
403,79
10,36
903,447
1286,215
210,338
2545,4323
122,420
305,430
1119,1958
96,237
727,731
214,521
2800,51
217,205
445,173
23,48
1201,1315
2410,528
25,143
214,211
665,945
450,896
93,70
1240,605
1005,981
860,303
82,411
585,1199
82,69
184,150
901,2579
416,394
1657,300
1052,434
452,1804
829,3282
366,318
1200,93
319,107
262,415
118,1592
1181,1326
248,1227
434,798
1650,1217
1312,1392
453,482
448,788
124,1567
20,3106
453,104
985,793
365,175
179,377
810,348
359,217
801,377
261,266
286,41
233,164
141,157
39,516
877,406
4,360
169,560
557,1932
99,680
198,624
46,304
711,1764
72,6
891,1278
520,601
18,18
664,1000
168,354
226,746
4,261
1918,1310
168,458
89,231
499,939
293,118
91,728
18,34
1696,1203
214,184
1034,369
560,328
352,505
199,187
435,27
838,1227
718,213
2033,615
23,41
36,21
543,378
834,1247
221,1378
247,28
1777,314
732,182
870,754
930,27
1017,312
493,735
512,367
1619,1781
51,75
1050,1334
1522,74
820,719
2967,23
115,114
130,1179
1688,322
1835,2601
329,1150
2633,208
160,85
106,260
256,45
679,88
494,609
1124,150
111,431
2024,1067
40,47
215,394
309,1437
450,417
578,2790
515,3601
477,1984
252,317
612,308
202,56
278,2494
462,26
106,89
546,230
2650,1286
125,83
581,144
578,803
199,960
590,1507
62,554
198,175
655,150
106,11
255,1334
352,1032
341,72
357,234
221,4714
215,197
371,375
20,2327
136,646
345,7
395,354
13,5
1013,723
80,8
791,12
13,215
826,1705
209,132
4867,197
135,120
461,259
15,1614
470,2288
118,32
12,1540
535,1893
97,251
686,55
419,1390
209,165
1190,671
3127,351
299,879
144,305
515,239
140,385
446,782
1398,300
1250,1112
648,382
841,2505
665,380
382,327
1567,17
18,333
1699,575
739,1352
1027,1155
575,60
546,1860
526,266
247,69
2487,35
85,263
4,186
672,399
1100,977
500,706
958,161
74,160
429,171
904,636
228,56
64,3
728,190
113,1116
426,130
389,363
170,275
483,81
27,968
395,62
19,732
178,977
43,139
99,124
1138,541
1908,381
494,301
41,31
1001,93
419,1628
1527,3269
111,1355
334,225
155,288
885,343
569,385
353,2755
361,333
241,15
803,2725
986,4213
1146,332
354,32
2344,984
772,97
73,306
920,1187
407,105
11,44
322,1368
25,1
578,422
1940,2844
861,309
148,106
558,1089
840,1592
14,723
1,59
690,85
884,2045
205,27
1418,3035
340,289
3888,161
2066,34
600,521
2745,1036
16,362
153,1122
301,398
2546,1274
156,9
44,60
392,738
84,214
3017,1297
27,291
1091,1219
844,1060
2432,129
613,543
862,1430
76,130
1493,1587
735,236
874,51
553,73
1098,815
419,369
519,611
990,188
1350,1126
2161,2523
2061,372
117,857
618,1446
668,351
2163,3249
102,2744
5,142
905,154
410,212
73,65
1073,259
14,542
1066,480
93,582
701,495
1213,1606
1956,533
130,332
299,587
70,318
402,260
171,92
902,976
745,1087
421,483
849,126
711,1039
132,1443
541,770
196,44
198,67
1,7
20,685
126,496
249,641
609,350
572,765
362,353
217,1293
1401,159
245,245
358,502
284,5548
90,899
501,13
179,1259
1020,462
545,461
526,1412
274,2300
110,1318
2394,131
2845,1614
62,662
169,2067
780,1027
67,1069
2255,363
1419,293
449,989
1010,2902
1228,561
170,20
297,558
81,263
112,306
351,286
1052,411
63,84
617,1016
13,17
23,536
34,1
946,240
17,153
293,954
719,46
1154,39
1051,1488
405,245
3,339
365,823
644,1247
940,38
434,122
664,207
1303,125
21,37
568,825
1357,259
909,103
2137,493
330,186
298,65
277,858
808,2458
881,1026
663,99
19,761
309,356
34,373
282,531
57,63
394,32
365,492
142,100
47,486
1406,48
564,4058
1113,524
1545,1532
645,393
1183,944
49,64
20,1
2024,3508
22,9
426,766
335,208
1644,258
195,294
437,310
139,144
95,71
574,915
255,267
26,289
521,543
132,218
86,310
1336,273
18,139
625,2277
3,1
825,1935
1580,378
219,867
2171,2311
1633,3433
464,52
191,97
746,152
161,674
2828,2441
868,755
4675,1277
593,461
616,551
252,396
8,198
957,23
1,281
1223,895
316,1892
199,798
975,1021
223,527
448,312
459,1177
490,355
1024,831
331,260
261,159
400,492
20,327
214,316
1636,609
1468,1682
211,294
880,198
412,1494
343,198
923,285
585,895
2071,529
340,104
655,1725
19,209
448,133
65,272
856,248
14,94
49,128
201,30
448,57
106,40
35,150
759,539
119,1226
987,829
1397,1499
644,630
258,255
597,795
433,156
76,164
289,1610
102,94
743,124
801,940
448,927
78,918
599,1092
28,392
962,66
144,29
1682,399
1454,129
2661,534
665,86
256,138
844,3
426,242
398,1075
423,453
157,14
432,2019
64,479
378,467
675,136
808,677
1134,464
1116,2882
140,880
2430,553
1465,403
184,397
50,88
802,144
118,220
1739,373
392,907
316,401
1049,4163
959,72
337,763
261,28
663,824
537,1110
338,2397
552,317
383,2143
576,979
629,649
771,193
2072,1236
2181,21
861,755
54,241
799,409
915,99
893,803
310,76
1218,342
488,680
364,3
129,35
1301,2788
6,78
62,217
220,187
661,82
1539,1936
533,2005
801,1436
645,379
184,140
77,49
49,154
786,227
1080,1111
303,157
466,1580
114,34
581,976
1964,214
221,1866
1043,89
297,385
578,270
541,487
153,200
2,17
166,141
30,122
114,575
1840,75
383,132
1983,1591
48,146
35,160
647,169
2252,1694
530,700
576,95
214,1477
2694,1144
247,693
2411,272
1142,1402
126,71
1060,1932
451,498
1274,253
2211,1011
1379,571
21,193
426,617
415,475
346,866
204,1594
1201,1261
1043,663
776,23
4,78
93,668
544,472
131,3
500,1089
266,143
330,293
265,322
35,166
1872,483
1538,53
810,720
307,142
1287,1438
815,961
319,1647
2999,591
1079,430
1151,481
230,475
213,1228
353,2401
1345,742
250,302
1097,905
695,651
82,425
674,218
103,1847
332,32
2031,1488
140,923
1707,1297
546,2
757,57
2083,1091
407,1831
48,233
2931,470
1354,857
1074,578
177,11
283,623
784,1283
196,8
867,714
245,1016
361,43
186,116
281,318
1300,1457
17,2
921,10
504,445
122,304
154,345
1204,1154
509,402
27,280
1094,728
56,157
666,368
7,334
2580,1261
199,186
917,61
207,962
378,669
142,407
393,898
963,1232
468,520
333,323
158,448
1142,1558
4571,2732
704,1207
240,395
122,833
481,1035
18,487
1692,1322
79,196
1486,233
243,386
70,75
314,562
271,74
423,318
96,158
212,1269
493,365
1958,667
252,467
50,171
449,1956
837,357
1845,92
1085,1953
97,427
119,174
274,719
1592,1100
126,314
70,394
3688,1484
29,13
286,278
58,27
866,1053
457,219
870,115
1602,335
466,970
273,602
582,516
691,22
258,247
740,581
629,473
68,234
1026,353
236,302
328,646
1423,69
1162,460
1,14
930,388
500,546
1599,623
111,169
108,248
197,410
45,208
131,1254
388,444
252,246
518,367
1411,741
1043,286
1055,155
657,1090
65,7
417,722
227,481
562,15
179,127
74,166
591,1579
410,27
342,551
248,37
19,137
667,1854
621,739
776,925
1318,234
4375,1089
280,1631
645,2074
577,753
1662,1875
2531,14
126,205
295,1673
198,96
349,199
756,1542
1244,1536
1214,623
151,85
26,8
861,490
130,803
975,349
736,934
553,577
271,446
803,271
299,161
123,698
962,2089
245,948
37,181
1065,370
41,663
513,135
375,3887
371,1594
113,277
1724,154
513,83
490,328
915,1107
1003,398
159,169
774,759
460,197
196,246
473,426
13,1871
910,206
1222,346
596,2293
3300,1366
2574,613
116,24
354,371
135,154
192,837
550,683
215,43
188,711
1130,41
425,231
467,29
413,1617
2012,1144
161,584
322,1768
632,446
93,813
144,947
2904,606
808,202
1082,1549
162,115
258,1086
77,107
379,2250
103,116
230,3300
120,255
1306,1134
1277,455
325,160
326,131
161,1098
207,526
385,486
1290,98
811,197
1185,964
415,28
94,848
500,127
469,1425
1879,721
224,98
582,1484
44,20
235,137
1362,2827
650,1215
512,382
3480,1167
141,400
141,835
275,85
1272,854
412,1568
22,2256
28,92
1123,598
741,305
46,144
108,344
255,385
1487,1791
75,189
149,218
1165,277
4102,504
1396,1519
685,908
8,509
228,2020
1106,1787
496,1238
8,136
295,671
936,645
138,79
1346,394
131,932
411,2540
700,901
154,1210
273,66
209,783
52,38
58,109
2499,291
50,2272
321,189
203,682
1463,682
837,511
1206,1580
274,1912
375,157
222,759
607,155
106,986
628,2005
692,417
15,226
408,709
238,281
1404,852
502,843
5,38
120,750
984,520
12,58
739,1778
922,852
1530,1269
680,144
8,32
29,2
352,555
155,282
771,955
274,2418
337,863
681,517
637,1632
904,116
161,161
14,28
629,84
430,714
382,2469
1001,122
153,386
72,113
968,160
66,398
653,1275
371,62
2789,551
384,443
1269,840
170,401
221,1479
2099,3029
215,490
215,104
1153,879
799,46
102,261
229,80
138,138
14,531
3,7
40,85
1530,35
882,99
635,30
178,73
241,147
2537,877
649,3129
154,72
470,700
49,27
523,303
1267,330
76,184
110,71
83,531
12,36
497,1895
32,16
229,421
597,112
44,1133
194,40
130,110
1745,1038
311,436
629,240
613,496
400,254
244,219
54,256
490,77
1675,2282
180,913
1292,781
56,232
171,249
49,1090
115,69
260,1024
22,216
478,751
983,32
894,1459
186,300
94,167
221,23
1087,4678
203,415
820,115
621,1269
131,132
340,22
133,176
3734,820
1405,908
346,1081
421,112
72,314
503,868
1489,107
13,328
1022,76
2309,1285
53,43
53,1
525,1747
342,156
1052,1369
1116,268
1167,276
211,501
1918,184
529,444
3063,2182
283,578
213,1071
169,304
634,739
1773,406
2344,2738
207,676
178,106
158,1212
3,111
1930,2593
1603,1100
39,279
1096,92
108,163
631,549
426,814
577,74
768,556
1444,109
1611,1341
2120,904
728,215
33,22
2047,1619
87,7
2206,446
150,1002
223,409
219,1097
238,65
86,93
998,246
84,611
95,153
42,114
553,709
1914,161
220,633
1398,927
103,160
64,752
38,327
382,1860
111,1309
1235,547
626,107
232,150
390,275
496,769
105,816
100,141
147,52
439,71
478,233
133,1200
851,211
11,772
3181,407
570,185
818,892
18,20
118,343
570,2589
1687,1162
1546,502
720,499
285,6
202,897
1371,1027
828,809
94,940
548,700
127,729
175,957
184,1653
1442,930
1187,729
445,523
281,1681
29,4
561,713
798,1479
615,152
1517,178
81,1725
94,456
72,185
626,1154
12,18
432,128
1062,584
105,360
338,973
75,90
3,433
53,31
534,328
560,219
137,88
1373,847
1633,866
207,1399
263,647
272,567
784,1058
304,405
1940,2610
51,188
3,302
585,1068
742,1352
603,61
403,468
1154,77
529,1884
1478,486
713,5
526,463
948,712
675,126
728,1209
846,908
91,53
256,250
163,301
339,1003
38,70
11,12
774,855
107,33
359,93
1172,773
262,381
133,83
1969,38
27,121
877,601
336,25
2229,836
250,1931
214,288
64,132
251,102
198,241
28,8
213,1982
120,61
1386,562
10,18
1627,248
1253,115
418,61
685,239
313,611
173,1004
1566,129
129,456
395,534
270,1933
409,405
35,1007
521,34
425,440
795,886
109,1766
3393,1824
66,49
409,971
695,687
508,1033
271,349
558,1519
25,264
1026,864
234,187
462,73
435,2124
289,305
199,796
874,1624
323,309
641,276
319,428
746,478
226,520
468,2559
723,54
18,144
143,252
466,146
428,406
285,3507
194,433
803,309
134,238
801,647
152,40
579,1073
1255,1596
271,546
1900,281
1282,703
114,51
64,185
2860,962
14,807
117,150
413,658
182,339
437,741
199,1402
1553,12
1223,2666
332,2108
274,800
317,1559
283,911
864,166
61,525
298,535
46,8
1271,1414
1709,894
21,894
1451,3964
1483,688
674,1026
299,150
103,976
181,376
1,259
2461,3934
1228,566
515,417
574,158
280,1461
406,2019
1293,1088
1167,569
713,208
1112,1502
738,1373
20,120
2046,300
611,1378
169,86
337,645
270,611
97,529
421,259
792,1162
719,406
31,56
250,381
413,51
615,642
3012,1287
230,1057
3642,1739
332,243
390,868
1317,37
38,261
1071,1870
624,1537
100,852
72,2250
1111,1559
234,395
75,51
25,47
2426,175
14,18
62,1233
1338,80
559,239
542,14
411,631
365,763
90,25
71,302
657,2365
100,294
305,45
615,269
128,448
98,117
628,1883
26,343
773,96
730,879
917,646
623,812
166,729
76,289
137,106
266,382
4,92
1030,264
163,316
130,276
297,624
2660,1141
241,424
315,288
257,398
166,659
462,1079
804,47
35,356
525,243
648,592
232,1021
433,540
51,79
178,95
54,49
285,390
147,18
696,203
475,679
4,52
473,566
113,103
140,80
218,456
199,721
1,308
619,415
58,877
2146,350
2801,223
1109,9
317,96
275,1943
603,14
35,614
1932,85
14,25
1158,177
518,959
572,604
27,33
565,179
971,33
15,53
102,2801
6,51
580,1602
123,203
87,380
67,52
651,501
938,886
249,1940
76,496
150,371
722,948
547,669
328,968
1068,298
359,573
1880,1413
2,1408
920,556
365,1036
591,432
95,264
5,105
306,416
443,3822
1189,191
1332,446
856,78
13,30
227,647
177,268
67,446
55,73
551,158
750,2410
339,1384
32,16
898,1017
83,11
220,827
192,69
426,273
58,28
555,23
531,2068
147,107
41,724
2861,24
314,868
189,294
301,323
1333,244
136,434
310,1709
469,851
80,814
629,178
354,308
254,228
1,310
371,235
30,245
360,13
1116,304
2802,301
371,262
4,6
20,49
73,16
90,290
96,93
57,145
575,312
532,1286
687,327
156,209
674,387
102,112
427,108
835,3568
369,988
368,564
531,891
421,23
449,356
653,38
38,14
244,2
1457,515
688,16
66,63
92,292
263,548
593,79
189,655
1294,3402
953,752
159,183
30,42
627,391
545,1610
182,341
2300,570
2018,127
85,434
150,4546
333,1535
2168,71
448,5
1085,398
490,98
580,902
146,354
268,481
220,2
177,83
312,670
503,400
16,47
136,90
3492,669
338,1753
174,658
319,358
386,55
125,638
1575,29
1364,170
845,2171
416,260
128,212
134,46
974,96
2367,1462
94,88
1282,919
125,123
448,317
1313,525
2067,786
460,315
577,1143
119,409
15,119
504,723
292,330
89,94
415,1173
1242,152
389,183
454,179
1827,154
3,101
1471,273
380,15
477,373
284,2217
838,144
229,369
1112,569
1206,1942
210,1106
2309,557
150,27
738,353
1254,623
1059,1194
182,232
408,25
204,55
227,390
1013,344
1164,877
488,865
604,206
114,257
298,187
11,418
311,193
63,6
64,189
3016,3053
12,1077
277,1006
91,67
1677,323
148,233
494,511
567,119
84,198
393,827
87,112
205,650
265,161
2052,622
558,376
98,182
321,141
114,153
721,12
103,506
77,302
437,187
447,145
611,39
557,124
1748,2233
1523,2147
217,411
304,259
614,19
1171,185
157,215
159,40
1404,729
16,27
299,95
566,2671
739,261
39,187
1107,2704
386,13
1433,925
552,3030
14,39
882,1432
74,299
848,524
205,1223
472,243
328,1045
429,704
52,4
2848,934
337,1963
930,258
1565,836
52,822
50,355
1334,89
29,464
668,980
884,18
871,948
2284,457
259,180
326,445
140,1135
57,28
96,1224
695,167
2954,10
47,257
1619,701
294,121
339,10
21,29
248,1187
27,29
124,41
1306,769
751,217
641,17
586,93
23,93
32,2526
29,639
146,2191
196,183
369,10
271,36
69,280
163,709
12,257
555,1685
718,825
237,163
939,440
309,371
50,173
171,53
958,595
120,341
619,475
1790,775
1800,509
1685,934
1071,495
62,446
505,467
1484,316
68,789
62,273
425,690
2896,553
202,856
139,8
39,108
8,2056
10,4
158,9
1363,723
1465,429
1073,312
167,174
1092,2
746,282
2419,1365
917,72
152,208
40,406
503,88
53,4
748,849
12,954
245,1559
852,774
474,982
